id,value
category,
category.Golf,
category.Golf.48.1,1527.226283
category.Golf.9.3,939.910000
category.Golf.47.35,235.051364
category.Golf.1.55,81.597482
category.Golf.32.64,149.149021
category.Golf.15.69,524.101701
category.Golf.47.7,1015.853793
category.Golf.42.70,733.448511
category.Golf.35.REX,86.313017
category.Golf.46.T35,169.096150
category.Golf.31.T70,86.313017
category.Golf.28.golf,322.004511
category.Golf.5.交出,1248.018626
category.Golf.16.优势,768.129363
category.Golf.2.位,2785.539742
category.Golf.25.位于,290.023412
category.Golf.49.作收,86.313017
category.Golf.46.公开赛,5277.080672
category.Golf.10.冠军,2752.840905
category.Golf.48.切森,86.313017
category.Golf.5.利以,86.313017
category.Golf.23.前美,86.313017
category.Golf.13.医院,181.453157
category.Golf.26.单独,153.988723
category.Golf.16.只,517.794491
category.Golf.39.哈德,86.313017
category.Golf.32.威巡,565.059916
category.Golf.44.小鸟,891.609996
category.Golf.45.巡赛,1810.986933
category.Golf.27.并列,2797.523572
category.Golf.37.开局,341.622998
category.Golf.48.张,809.669223
category.Golf.20.打出,1600.542380
category.Golf.51.抓,646.721550
category.Golf.47.新军,634.813330
category.Golf.35.最终,485.388947
category.Golf.22.杆,5489.363277
category.Golf.3.窦泽成,942.369871
category.Golf.27.连续,638.428491
category.Golf.33.领先,1809.844757
category.Golf.32.首轮,1313.408923
category.Golf.35.1967,114.819195
category.Golf.40.6,738.491952
category.Golf.33.94,130.991740
category.Golf.37.De,130.991740
category.Golf.29.Roberto,130.991740
category.Golf.14.Vicenzo,130.991740
category.Golf.13.·,1232.731071
category.Golf.40.享年,130.991740
category.Golf.44.他于,130.991740
category.Golf.6.哀悼,130.991740
category.Golf.21.岁,1707.932671
category.Golf.17.布宜诺斯艾利斯,130.991740
category.Golf.8.年,2089.548584
category.Golf.51.年度,1309.980996
category.Golf.9.德,260.649112
category.Golf.12.文森佐,130.991740
category.Golf.22.日,1757.474354
category.Golf.37.月,1141.823915
category.Golf.34.深切,130.991740
category.Golf.8.球员,1340.772380
category.Golf.6.罗伯托,213.324338
category.Golf.30.致以,130.991740
category.Golf.20.英国,1001.366198
category.Golf.33.逝世,123.835275
category.Golf.39.阿根廷,365.475917
category.Golf.28.50,364.257733
category.Golf.11.—,538.820252
category.Golf.4.一张,128.364845
category.Golf.36.下,1016.505708
category.Golf.26.先到,72.866121
category.Golf.0.先得,72.866121
category.Golf.17.内容,60.566387
category.Golf.8.冠军赛,1253.125876
category.Golf.12.前,1066.967030
category.Golf.39.十年,133.151069
category.Golf.33.参与,217.669010
category.Golf.21.参加,854.538030
category.Golf.47.后面,68.885230
category.Golf.49.图集,560.504468
category.Golf.14.外加,72.866121
category.Golf.25.完成,968.679128
category.Golf.44.微博,502.915020
category.Golf.39.戳,1150.346332
category.Golf.44.抢先,169.428266
category.Golf.26.摄影师,68.885230
category.Golf.18.新浪,3368.657526
category.Golf.6.最先,66.060743
category.Golf.10.汇丰,1144.271814
category.Golf.13.活动,431.310389
category.Golf.46.点击,148.527491
category.Golf.2.福利,66.060743
category.Golf.24.网友,211.865783
category.Golf.26.获得,1509.899577
category.Golf.13.评论,60.566387
category.Golf.45.详情请,167.078673
category.Golf.33.请,824.712282
category.Golf.15.赛,1795.283290
category.Golf.19.转发,290.485814
category.Golf.20.链接,55.274474
category.Golf.35.镜头,57.064522
category.Golf.27.门票,218.598364
category.Golf.4.高尔夫,8612.768341
category.Golf.39.高清,393.410226
category.Golf.47.5,791.248462
category.Golf.34.71,606.312804
category.Golf.10.9,960.847739
category.Golf.35.一柏忌,88.900604
category.Golf.7.三杆,195.340977
category.Golf.41.不错,330.450818
category.Golf.21.两,80.597675
category.Golf.24.两杆,562.326650
category.Golf.5.两记,88.900604
category.Golf.31.中国,1550.478184
category.Golf.6.人均,84.043702
category.Golf.37.仅,329.657931
category.Golf.38.低于,789.536220
category.Golf.34.前十,195.197046
category.Golf.21.北欧,177.801208
category.Golf.18.双雄,88.900604
category.Golf.17.取得,466.605614
category.Golf.39.吞下,484.302654
category.Golf.31.吴阿顺,1556.244158
category.Golf.10.大师赛,3234.825624
category.Golf.30.已经,1448.849530
category.Golf.1.拿下,212.603146
category.Golf.42.暂列,237.376558
category.Golf.48.暂居,163.482106
category.Golf.30.李昊桐,3121.876164
category.Golf.6.柏忌,327.718692
category.Golf.42.标准杆,1131.778309
category.Golf.32.欧,410.029348
category.Golf.38.率先,139.586626
category.Golf.36.一起,1045.993526
category.Golf.39.学,201.383019
category.Golf.43.心,1471.638553
category.Golf.45.慢动作,143.069711
category.Golf.41.拍,1605.051450
category.Golf.49.挥杆,1126.982331
category.Golf.1.晚安,355.786110
category.Golf.45.李宝,143.069711
category.Golf.34.来看,579.200713
category.Golf.38.睡前,247.151655
category.Golf.39.秒,1779.430345
category.Golf.16.美女,1382.517944
category.Golf.11.美的,129.707624
category.Golf.49.视频,4205.962692
category.Golf.32.跟着,237.017745
category.Golf.24.铁杆,143.069711
category.Golf.34.doge,239.080373
category.Golf.17.做东,193.352887
category.Golf.20.放水,193.352887
category.Golf.21.旗杆,332.625751
category.Golf.11.比赛,2836.993601
category.Golf.29.没有,981.899545
category.Golf.17.纪念,935.196397
category.Golf.36.金熊,193.352887
category.Golf.34.高球赛,971.100806
category.Golf.50./,1631.142052
category.Golf.34.10,768.516127
category.Golf.17.RUX89Hz,201.456712
category.Golf.41.Tong,598.259526
category.Golf.13.cn,414.106886
category.Golf.35.http,448.235493
category.Golf.47.t,417.067633
category.Golf.13.“,2036.775366
category.Golf.49.”,2031.014602
category.Golf.50.世锦赛,295.725968
category.Golf.40.出门,287.408031
category.Golf.12.分组,1098.708510
category.Golf.47.升至,664.168046
category.Golf.41.号,1993.238565
category.Golf.34.总成绩,1798.614695
category.Golf.8.战况,322.770514
category.Golf.0.抓鸟,271.789410
category.Golf.29.揭晓,462.641251
category.Golf.14.来到,477.902944
category.Golf.2.正在,700.083194
category.Golf.36.比分,362.359920
category.Golf.17.洞,3277.249342
category.Golf.41.直播,2365.147797
category.Golf.35.移动,462.044725
category.Golf.24.第三位,445.478021
category.Golf.41.第三轮,1441.174102
category.Golf.11.见,173.293912
category.Golf.38.19,534.027622
category.Golf.51.CLPGA,582.134246
category.Golf.3.两周,110.409189
category.Golf.35.北京,1344.883801
category.Golf.6.十足,105.882103
category.Golf.51.国民,282.562109
category.Golf.48.图片,91.462968
category.Golf.3.夺冠,1009.835991
category.Golf.11.婷婷,277.100609
category.Golf.0.摄影,99.501534
category.Golf.32.昱,277.100609
category.Golf.10.更,613.334282
category.Golf.33.照片,229.390327
category.Golf.16.照相机,116.789758
category.Golf.34.玩丸,116.789758
category.Golf.7.看看,1020.963936
category.Golf.11.石昱婷,793.893402
category.Golf.16.精英赛,1834.842685
category.Golf.43.美少女,255.768605
category.Golf.7.莉,277.100609
category.Golf.37.赞,261.891214
category.Golf.48.问鼎,195.334109
category.Golf.18.霸气,174.470714
category.Golf.0.鼓掌,2729.699057
category.Golf.4.11,561.180443
category.Golf.14.2,1213.784967
category.Golf.3.31,244.387974
category.Golf.10.专家,233.338415
category.Golf.48.中央,70.212190
category.Golf.15.为主,73.558949
category.Golf.10.以期,81.622700
category.Golf.3.众多,70.212190
category.Golf.28.借鉴,78.275941
category.Golf.37.发展,57.926566
category.Golf.40.可资,86.339692
category.Golf.27.团赴,86.339692
category.Golf.16.国家,278.860418
category.Golf.46.国际,383.799161
category.Golf.15.城,149.931144
category.Golf.15.多家,66.507448
category.Golf.16.媒体,190.594611
category.Golf.13.实地考察,86.339692
category.Golf.12.实现,138.197015
category.Golf.30.山东,73.558949
category.Golf.50.山东省,86.339692
category.Golf.45.思路,81.622700
category.Golf.44.持续,59.552491
category.Golf.19.提供,249.342066
category.Golf.45.整体,152.414725
category.Golf.13.方向,75.679993
category.Golf.44.日至,143.738352
category.Golf.2.栖霞,86.339692
category.Golf.13.烟台市,86.339692
category.Golf.26.球场,1626.000892
category.Golf.30.类,140.424381
category.Golf.9.经济学家,68.841957
category.Golf.15.苹果,61.443161
category.Golf.42.著名,130.276250
category.Golf.37.记者,134.089851
category.Golf.6.论证,86.339692
category.Golf.48.调研,234.827824
category.Golf.51.转型,210.636571
category.Golf.0.进行,1281.401007
category.Golf.13.退出,733.629666
category.Golf.47.部委,78.275941
category.Golf.18.项目,262.531067
category.Golf.26.高尔夫球场,758.600058
category.Golf.37.18,1232.898681
category.Golf.37.五杆,129.501391
category.Golf.27.依旧,189.817872
category.Golf.20.倒旋,129.501391
category.Golf.18.半程,607.802579
category.Golf.38.射,336.496739
category.Golf.48.帝,231.617039
category.Golf.24.时,1060.627580
category.Golf.22.最佳,1186.265115
category.Golf.24.有如神助,129.501391
category.Golf.27.杜夫纳,306.845720
category.Golf.1.来自,334.651170
category.Golf.41.球,1075.256516
category.Golf.35.第二轮,1266.495449
category.Golf.5.精彩,875.710711
category.Golf.5.美巡,1258.723860
category.Golf.6.老鹰,506.569287
category.Golf.28.詹森,306.845720
category.Golf.1.走神,241.520036
category.Golf.33.超级,182.969278
category.Golf.36.领先者,462.389026
category.Golf.21.一场,537.463803
category.Golf.49.上周,451.093623
category.Golf.1.下周,159.369243
category.Golf.39.不是,448.800491
category.Golf.19.世界排名,1070.353424
category.Golf.41.举行,380.262354
category.Golf.33.休息,80.924892
category.Golf.43.休战,89.261530
category.Golf.50.出战,330.914776
category.Golf.41.受伤,332.842417
category.Golf.38.四周,84.384910
category.Golf.14.团队,89.261530
category.Golf.44.墨西哥,173.873972
category.Golf.31.奥查娅,178.523060
category.Golf.9.女子,2642.933882
category.Golf.7.宣布,397.547396
category.Golf.44.少女,153.325646
category.Golf.19.新西兰,159.881223
category.Golf.4.日本,437.611712
category.Golf.18.最近,283.339720
category.Golf.41.本周,578.509071
category.Golf.24.璟,578.287526
category.Golf.14.疲惫,89.261530
category.Golf.6.第一,953.208001
category.Golf.34.蓝湾,158.916092
category.Golf.42.说,524.407488
category.Golf.29.选择,60.981008
category.Golf.38.邀请赛,178.523060
category.Golf.30.需要,153.102991
category.Golf.21.高宝,578.287526
category.Golf.18.2017,1835.429088
category.Golf.45.一次,197.498679
category.Golf.41.不同,67.655106
category.Golf.25.不能,145.646730
category.Golf.4.世界,1994.899517
category.Golf.14.两只,92.728152
category.Golf.2.两轮,405.118577
category.Golf.32.二娃,183.525353
category.Golf.19.出局,620.713042
category.Golf.39.后,443.542987
category.Golf.2.周一,645.155113
category.Golf.7.回到,92.728152
category.Golf.30.回家,165.888865
category.Golf.2.家,63.688812
category.Golf.29.很,701.191788
category.Golf.11.提前,321.321937
category.Golf.31.晋级,1138.434636
category.Golf.4.本赛季,346.014506
category.Golf.45.机会,483.579022
category.Golf.13.现在,299.253902
category.Golf.0.真的,168.939828
category.Golf.35.第二场,182.063017
category.Golf.10.约翰逊,290.300599
category.Golf.25.美国,4274.566076
category.Golf.49.美巡赛,1148.032183
category.Golf.11.艾林山,1114.846636
category.Golf.27.讨厌,98.086930
category.Golf.40.试场,280.882452
category.Golf.10.诞生,524.453004
category.Golf.24.达斯汀,577.474559
category.Golf.26.郁闷,98.086930
category.Golf.16.陪伴,176.092214
category.Golf.44.122,143.254889
category.Golf.0.4,806.246940
category.Golf.51.8,447.148654
category.Golf.37.似乎,290.952155
category.Golf.1.农场,81.716333
category.Golf.30.卡斯特罗,326.865332
category.Golf.15.太,239.972905
category.Golf.48.好运,81.716333
category.Golf.6.带来,606.306208
category.Golf.18.战罢,219.753894
category.Golf.46.撞见,81.716333
category.Golf.9.杆洞,81.716333
category.Golf.29.果岭,1328.523656
category.Golf.30.桑德森,163.432666
category.Golf.10.直接,644.449573
category.Golf.13.码,1152.104011
category.Golf.11.码攻,81.716333
category.Golf.31.神奇,81.716333
category.Golf.35.离奇,81.716333
category.Golf.20.竟然,62.946075
category.Golf.18.第二,492.299426
category.Golf.30.经遇,81.716333
category.Golf.7.蛇,77.251929
category.Golf.10.觉得,568.000356
category.Golf.9.赛次,326.912044
category.Golf.35.赤翅蜂,81.716333
category.Golf.51.轮,1930.149884
category.Golf.41.进洞,276.419831
category.Golf.13.都,998.371068
category.Golf.25.65,281.362562
category.Golf.41.CLPGATour,176.092173
category.Golf.51.不负众望,180.276505
category.Golf.8.东方明珠,100.861971
category.Golf.39.中,1117.120621
category.Golf.37.冠,167.916133
category.Golf.37.决赛,2273.071914
category.Golf.0.力压,184.253193
category.Golf.35.大幕,334.344223
category.Golf.6.巡,182.951040
category.Golf.9.泰国,479.676437
category.Golf.17.球手,1434.122880
category.Golf.24.生涯,876.414483
category.Golf.7.第二座,100.861971
category.Golf.41.素帕玛,100.861971
category.Golf.0.落下,363.806449
category.Golf.17.赢,618.377627
category.Golf.18.轮勇,100.861971
category.Golf.31.LPGA,2242.331403
category.Golf.44.~,2553.086754
category.Golf.31.一下,718.010173
category.Golf.0.两年,230.961198
category.Golf.43.双,112.503205
category.Golf.42.叒,146.051192
category.Golf.47.叕,146.051192
category.Golf.28.奎斯特,146.051192
category.Golf.13.安娜,221.259509
category.Golf.40.悍女,146.051192
category.Golf.2.普莱特,471.302969
category.Golf.21.瑞典,563.139992
category.Golf.3.绍,471.302969
category.Golf.25.诺德,146.051192
category.Golf.2.重温,312.210924
category.Golf.33.集锦,994.221068
category.Golf.17.入选,367.173128
category.Golf.25.全场,473.960990
category.Golf.44.切球,226.183657
category.Golf.14.威武,693.025779
category.Golf.38.引爆,106.913288
category.Golf.3.救帕,309.875973
category.Golf.20.足以,113.091828
category.Golf.44.00,525.853723
category.Golf.43.13,443.671219
category.Golf.43.敬请期待,195.818915
category.Golf.22.预告,396.423328
category.Golf.16.14,343.372730
category.Golf.47.16,277.941801
category.Golf.28.Danny,132.336757
category.Golf.38.Willett,132.336757
category.Golf.51.bogey,132.336757
category.Golf.48.free,132.336757
category.Golf.43.丹尼,232.893904
category.Golf.29.人,703.584304
category.Golf.45.仅差,132.336757
category.Golf.49.威利,132.336757
category.Golf.3.当属,132.336757
category.Golf.40.悄然,132.336757
category.Golf.38.最,740.904806
category.Golf.6.榜首,345.333382
category.Golf.49.特,614.208652
category.Golf.1.疯狂,165.471436
category.Golf.46.第三,471.801875
category.Golf.7.英格兰,411.808888
category.Golf.0.距离,381.193551
category.Golf.33.60,77.919969
category.Golf.18.二根,171.894097
category.Golf.28.亚军,558.317500
category.Golf.1.亚洲,924.600645
category.Golf.32.伯克,73.224428
category.Golf.34.依靠,148.806747
category.Golf.34.加洞赛,85.947048
category.Golf.49.同一,333.354324
category.Golf.2.名字,233.523030
category.Golf.35.均,185.121811
category.Golf.23.大满贯,1560.417484
category.Golf.5.届,81.251508
category.Golf.20.征战,253.441011
category.Golf.14.战幕,295.240471
category.Golf.4.戴尔,85.947048
category.Golf.24.携手,287.259751
category.Golf.20.数场,85.947048
category.Golf.31.曾,450.341638
category.Golf.19.未能,469.481685
category.Golf.37.本场,182.936013
category.Golf.8.段晨骁,85.947048
category.Golf.48.熟悉,77.919969
category.Golf.27.球迷,167.010326
category.Golf.51.皇家,150.394010
category.Golf.49.祖国,77.919969
category.Golf.28.第三站,85.947048
category.Golf.45.职业,1149.144484
category.Golf.37.赢得,1690.012640
category.Golf.38.进,81.251508
category.Golf.43.进下,85.947048
category.Golf.32.金基焕,85.947048
category.Golf.36.韩国,1053.036860
category.Golf.20.韩韧,85.947048
category.Golf.47.首冠,390.853035
category.Golf.2.T17,117.729166
category.Golf.11.一个,1436.747715
category.Golf.33.吞柏忌,235.458333
category.Golf.34.成绩,902.796536
category.Golf.17.排名,1592.579296
category.Golf.7.现,196.122272
category.Golf.16.落后,480.092335
category.Golf.12.诺克斯,117.729166
category.Golf.32.随后,182.709022
category.Golf.9.－,100.301884
category.Golf.11.之际,301.751937
category.Golf.34.打响,539.644096
category.Golf.17.冯小刚,168.963823
category.Golf.39.打高尔夫,545.670395
category.Golf.22.色,780.650339
category.Golf.45.上演,103.073687
category.Golf.37.再,540.071512
category.Golf.41.切杆,254.087518
category.Golf.40.天后,230.849760
category.Golf.5.奥运,209.546586
category.Golf.4.完,231.489908
category.Golf.31.朴仁妃,113.692026
category.Golf.23.男子,493.210108
category.Golf.6.看,291.164502
category.Golf.35.短,184.639804
category.Golf.10.神技,107.480696
category.Golf.28.草区,113.692026
category.Golf.49.2015,1671.935940
category.Golf.10.72,408.246890
category.Golf.45.PGATOUR,328.838628
category.Golf.36.一年,600.589185
category.Golf.22.临时,118.882778
category.Golf.33.会员,519.955087
category.Golf.35.便,197.384920
category.Golf.44.即可,196.784048
category.Golf.30.参赛,1026.809390
category.Golf.12.奖金,896.418943
category.Golf.6.威,309.550667
category.Golf.13.洞后,118.882778
category.Golf.35.目前,436.757260
category.Golf.36.直通,118.882778
category.Golf.38.第二位,280.959379
category.Golf.44.维持,94.789811
category.Golf.17.苦熬,118.882778
category.Golf.36.获,261.803070
category.Golf.30.规则,472.444976
category.Golf.43.资格,1091.933441
category.Golf.9.赛季,842.446263
category.Golf.11.15,472.460258
category.Golf.49.Kyle,141.706894
category.Golf.3.Stanley,141.706894
category.Golf.10.一记,128.472088
category.Golf.47.凯尔,141.706894
category.Golf.8.切,141.706894
category.Golf.43.斯丹利,141.706894
category.Golf.3.旁,141.706894
category.Golf.33.沙坑,222.572037
category.Golf.46.神切,141.706894
category.Golf.50.两分钟,172.673746
category.Golf.35.克里默,172.673746
category.Golf.24.回顾,1111.949421
category.Golf.10.带,405.460752
category.Golf.33.粉红,151.355044
category.Golf.50.豹,297.752390
category.Golf.42.一番,119.093688
category.Golf.5.不好,114.210513
category.Golf.11.值得,307.040375
category.Golf.20.其实,323.494601
category.Golf.30.几下,125.976136
category.Golf.42.开球,717.219176
category.Golf.40.挤眼,125.976136
category.Golf.44.推敲,125.976136
category.Golf.22.每次,125.976136
category.Golf.7.滴,119.093688
category.Golf.5.甩杆,125.976136
category.Golf.0.研究,166.710500
category.Golf.40.一幕,91.841823
category.Golf.43.偷走,194.298759
category.Golf.21.多次,234.229535
category.Golf.18.套,183.683645
category.Golf.8.小,590.687961
category.Golf.37.恼羞成怒,194.298759
category.Golf.47.情有独钟,97.149380
category.Golf.13.搞笑,62.603997
category.Golf.38.暴走,97.149380
category.Golf.7.未遂,194.298759
category.Golf.20.狐狸,194.298759
category.Golf.1.球杆,345.400940
category.Golf.34.调皮,194.298759
category.Golf.18.钟爱,91.841823
category.Golf.40.good,2036.323619
category.Golf.10.两人,232.082601
category.Golf.12.交流,152.187601
category.Golf.7.切磋,167.865508
category.Golf.14.发布会,601.809122
category.Golf.2.斯汀,457.843061
category.Golf.45.新闻,631.003451
category.Golf.44.球技,167.865508
category.Golf.15.离开,167.865508
category.Golf.10.罗斯,634.361062
category.Golf.38.贾,457.843061
category.Golf.42.上,1661.619750
category.Golf.36.很少,160.666334
category.Golf.41.斯皮思,2013.398136
category.Golf.15.看到,168.729804
category.Golf.20.表情,151.888659
category.Golf.22.BMW,1860.583861
category.Golf.35.上海,430.945936
category.Golf.2.两位,502.319967
category.Golf.21.亨,144.997912
category.Golf.7.俱乐部,1174.042516
category.Golf.6.兰湖,484.785347
category.Golf.35.出席,627.750463
category.Golf.22.名将,660.137713
category.Golf.10.斯滕森,308.085730
category.Golf.15.第六,144.997912
category.Golf.37.美,738.341548
category.Golf.30.选手,2108.479222
category.Golf.50.里克,144.997912
category.Golf.2.8.36,79.859261
category.Golf.5.8.37,79.859261
category.Golf.33.85,68.037807
category.Golf.20.不会,181.596759
category.Golf.46.乌龙,159.718521
category.Golf.19.仍,243.231316
category.Golf.43.代替,79.859261
category.Golf.37.位居,152.990563
category.Golf.46.保住,79.859261
category.Golf.44.允悲,86.071794
category.Golf.42.出现,329.244500
category.Golf.33.分,202.178981
category.Golf.37.名号,75.496314
category.Golf.9.后座,75.496314
category.Golf.3.周,129.291986
category.Golf.15.囧,311.135442
category.Golf.46.场次,79.859261
category.Golf.36.大写,79.859261
category.Golf.23.平均,63.674860
category.Golf.22.承认,314.052545
category.Golf.4.球后,79.859261
category.Golf.1.登上,66.379091
category.Golf.29.神马,79.859261
category.Golf.12.积分,276.178403
category.Golf.25.组织,221.134980
category.Golf.19.软件系统,75.496314
category.Golf.5.运算,79.859261
category.Golf.10.错误,69.999651
category.Golf.34.阿瑞雅,198.865378
category.Golf.33.阿瑞雅为,79.859261
category.Golf.29.John,81.640265
category.Golf.25.Karrie,95.825123
category.Golf.46.Mike,95.825123
category.Golf.10.Paterson,95.825123
category.Golf.47.Senden,95.825123
category.Golf.37.Webb,95.825123
category.Golf.49.一位,607.623680
category.Golf.9.上周日,90.589914
category.Golf.27.关系,167.988662
category.Golf.6.凯莉,95.825123
category.Golf.31.合作,195.438025
category.Golf.26.后者,81.640265
category.Golf.15.帕特森,95.825123
category.Golf.44.桑登,95.825123
category.Golf.21.澳洲,547.128735
category.Golf.39.球童,757.027244
category.Golf.39.约翰,79.649931
category.Golf.51.结束,874.895165
category.Golf.42.老将,454.147284
category.Golf.50.背包,171.196992
category.Golf.23.达,62.220198
category.Golf.32.长,345.662092
category.Golf.40.韦珀,191.650247
category.Golf.29.麦克,190.445590
category.Golf.39.66,427.002397
category.Golf.39.三明治,109.851960
category.Golf.13.争冠,207.267068
category.Golf.18.克罗伊,1438.594320
category.Golf.27.创下,81.049356
category.Golf.24.却,527.587650
category.Golf.38.名,833.393637
category.Golf.30.后腿,109.851960
category.Golf.33.坏,103.850423
category.Golf.32.坦言,274.251846
category.Golf.42.小麦,886.540589
category.Golf.7.战绩,109.851960
category.Golf.48.拖,199.641696
category.Golf.18.最差,207.700847
category.Golf.21.次,169.303923
category.Golf.12.赛后,109.851960
category.Golf.33.麦,1385.409628
category.Golf.40.伊,261.972674
category.Golf.26.屏,214.620243
category.Golf.22.洛布,118.364886
category.Golf.30.舔,236.729772
category.Golf.25.莉斯,118.364886
category.Golf.41.金发,214.458421
category.Golf.46.一阵,105.270099
category.Golf.23.印度,164.882878
category.Golf.24.外卡,169.999123
category.Golf.22.尼可勒特,105.270099
category.Golf.25.异域,210.540197
category.Golf.40.投票,581.640931
category.Golf.9.挑战,149.920958
category.Golf.45.掀,99.518883
category.Golf.37.掀起,99.518883
category.Golf.12.沙美娜,105.270099
category.Golf.24.球场上,337.642771
category.Golf.39.网络,82.441439
category.Golf.41.风情,210.540197
category.Golf.6.两个,187.426950
category.Golf.45.保尔,448.646128
category.Golf.7.只能,80.033538
category.Golf.36.告诉,77.522978
category.Golf.2.大,645.671144
category.Golf.20.姚明,278.376517
category.Golf.23.巨大,80.033538
category.Golf.6.形容,84.944937
category.Golf.18.快,380.951854
category.Golf.47.戏称,102.195431
category.Golf.43.球鞋,204.390863
category.Golf.27.看吧,187.779757
category.Golf.31.脑袋,102.195431
category.Golf.5.船,102.195431
category.Golf.46.足足有,92.650823
category.Golf.28.鞋,208.036830
category.Golf.10.12,1130.787488
category.Golf.46.28,83.032809
category.Golf.45.Ellie,111.037500
category.Golf.17.Lucy,111.037500
category.Golf.36.一天,223.204014
category.Golf.4.人父,111.037500
category.Golf.24.埃莉,111.037500
category.Golf.33.太太,190.730012
category.Golf.8.女儿,323.995952
category.Golf.24.巧合,111.037500
category.Golf.17.当天,104.971194
category.Golf.41.恰逢,260.563672
category.Golf.11.成为,647.945278
category.Golf.35.戴伊,886.040476
category.Golf.14.本人,94.600775
category.Golf.47.父亲,104.971194
category.Golf.28.生,100.667081
category.Golf.19.生日,341.739971
category.Golf.51.第一个,294.163863
category.Golf.29.第二次,286.095105
category.Golf.3.简森,335.890691
category.Golf.16.露西,111.037500
category.Golf.43.2016,1202.799717
category.Golf.1.一点,96.115812
category.Golf.3.三人,305.306461
category.Golf.12.乔丹,855.858793
category.Golf.10.交锋,106.017373
category.Golf.14.会,803.557609
category.Golf.42.再度,417.140901
category.Golf.6.到底,155.234081
category.Golf.46.头号,336.526842
category.Golf.9.手,442.397108
category.Golf.34.月份,143.444525
category.Golf.25.球星,567.335304
category.Golf.25.甚,100.225331
category.Golf.26.确定,185.056311
category.Golf.8.福勒,925.620200
category.Golf.17.第五,179.630105
category.Golf.39.罗里,106.017373
category.Golf.5.里奇,266.346079
category.Golf.46.锋芒,96.115812
category.Golf.8.锦标赛,2319.140047
category.Golf.14.阿布扎比,540.783476
category.Golf.1.高尔夫球,885.524934
category.Golf.3.齐聚,96.115812
category.Golf.23.NIKE,176.485226
category.Golf.39.万柳,176.485226
category.Golf.26.主任,163.635860
category.Golf.30.今日,568.692215
category.Golf.0.全国十佳,176.485226
category.Golf.24.北京体育大学,176.485226
category.Golf.36.品牌,128.764852
category.Golf.16.嘉宾,333.114333
category.Golf.12.四位,176.485226
category.Golf.19.大使,176.485226
category.Golf.30.孙鹏,176.485226
category.Golf.1.尚磊,176.485226
category.Golf.11.广大,231.481846
category.Golf.28.开打,329.585134
category.Golf.38.张建堂,176.485226
category.Golf.8.教练,460.239306
category.Golf.35.教育部,163.635860
category.Golf.28.本年度,151.813334
category.Golf.21.正式,415.749646
category.Golf.11.王彤,176.485226
category.Golf.1.球具,260.813700
category.Golf.39.球友,343.770695
category.Golf.5.盛宴,163.635860
category.Golf.38.第一代,176.485226
category.Golf.2.萧瑟,176.485226
category.Golf.45.视觉,169.248838
category.Golf.3.诚邀,176.485226
category.Golf.4.发起,535.676903
category.Golf.22.思考,607.972345
category.Golf.47.高粉们,506.153840
category.Golf.32.一侧,149.836303
category.Golf.27.吃惊,216.426826
category.Golf.11.左侧,149.836303
category.Golf.45.左右,131.741500
category.Golf.27.插,135.033525
category.Golf.30.水,149.836303
category.Golf.40.障碍,238.170696
category.Golf.34.靠近,149.836303
category.Golf.28.RUTGXSV,202.382632
category.Golf.19.RUTGXaA,202.382632
category.Golf.35.原,182.388646
category.Golf.42.和尚,202.382632
category.Golf.32.声,202.382632
category.Golf.25.实况,292.810493
category.Golf.50.正,455.929790
category.Golf.49.磊,202.382632
category.Golf.47.肖瑟,202.382632
category.Golf.41.英文,187.647752
category.Golf.33.解说,194.084378
category.Golf.0.中午,105.412312
category.Golf.30.中断,190.337232
category.Golf.38.事件,76.909557
category.Golf.39.人员,162.103118
category.Golf.16.停止,92.682319
category.Golf.1.分钟,170.010460
category.Golf.0.受难者,111.504110
category.Golf.25.周日,434.181376
category.Golf.3.场内,111.504110
category.Golf.27.宝,101.090112
category.Golf.32.巴黎,174.647111
category.Golf.45.恐怖袭击,111.504110
category.Golf.13.恐袭,111.504110
category.Golf.1.所有,76.176523
category.Golf.19.赛事,1352.277283
category.Golf.17.马赛,111.504110
category.Golf.33.默哀,223.008220
category.Golf.35.RSM,87.334676
category.Golf.22.三世,255.833839
category.Golf.2.伍兹,1665.009306
category.Golf.20.副队长,371.420470
category.Golf.39.努力,66.249969
category.Golf.29.史翠克,87.334676
category.Golf.5.史蒂夫,82.563325
category.Golf.31.吉姆,82.563325
category.Golf.6.我会,87.334676
category.Golf.13.戴维斯,82.563325
category.Golf.46.拉夫,182.904370
category.Golf.2.早前,87.334676
category.Golf.10.昨天,157.416421
category.Golf.37.汤姆,87.334676
category.Golf.9.福瑞克,87.334676
category.Golf.9.美国队,365.808739
category.Golf.4.老虎,1785.438176
category.Golf.33.莱德杯,739.520473
category.Golf.2.莱曼,87.334676
category.Golf.49.身份,192.144897
category.Golf.33.身体健康,87.334676
category.Golf.31.队员,153.043565
category.Golf.9.队长,406.242551
category.Golf.14.高兴,87.334676
category.Golf.50.一项,153.266973
category.Golf.47.不,661.956547
category.Golf.39.不到,156.967491
category.Golf.11.主办方,104.680269
category.Golf.46.也许,209.360538
category.Golf.29.亚当,186.109039
category.Golf.27.创造,89.184596
category.Golf.18.可能,233.445993
category.Golf.34.团体,98.961277
category.Golf.43.奥运会,536.819300
category.Golf.19.批评,104.680269
category.Golf.28.斯科特,400.863818
category.Golf.30.星期三,182.272261
category.Golf.14.特别,253.926171
category.Golf.50.良机,98.961277
category.Golf.33.角逐,178.814566
category.Golf.11.设置,104.680269
category.Golf.33.里约热内卢,197.478875
category.Golf.7.重申,104.680269
category.Golf.33.错过,213.493837
category.Golf.11.22,264.948420
category.Golf.14.Instagram,142.539905
category.Golf.19.Paige,69.098393
category.Golf.1.Spiranac,69.098393
category.Golf.36.万多,69.098393
category.Golf.32.佩琪,138.196787
category.Golf.30.分享,47.660367
category.Golf.21.吸引,333.760110
category.Golf.16.因在,69.098393
category.Golf.16.坛,967.332357
category.Golf.14.女,62.644905
category.Golf.22.女神,250.579618
category.Golf.29.性感照,69.098393
category.Golf.7.意外,65.323344
category.Golf.4.手佩琪,69.098393
category.Golf.37.斯皮拉,69.098393
category.Golf.5.新,740.650679
category.Golf.44.新一代,176.609567
category.Golf.22.爆红,69.098393
category.Golf.28.球坛,69.098393
category.Golf.42.社交,60.567345
category.Golf.32.科罗拉多州,69.098393
category.Golf.6.粉丝,65.323344
category.Golf.40.纳克,69.098393
category.Golf.2.网站,136.202114
category.Golf.10.翘,138.196787
category.Golf.42.臀,138.196787
category.Golf.41.豪乳,138.196787
category.Golf.41.追踪,69.098393
category.Golf.7.风情万种,138.196787
category.Golf.34.高,1008.635492
category.Golf.47.DP,228.032265
category.Golf.10.即将,432.313287
category.Golf.39.备战,356.843119
category.Golf.47.威力,114.016133
category.Golf.40.巡回,439.476266
category.Golf.32.总决赛,454.762443
category.Golf.9.欧巡,901.764367
category.Golf.46.猛,331.510089
category.Golf.10.瞬间,773.594149
category.Golf.20.练习,1039.389394
category.Golf.37.虎视眈眈,114.016133
category.Golf.16.观看,107.787095
category.Golf.34.轻松,107.787095
category.Golf.4.一辆,144.110100
category.Golf.36.下场,355.413012
category.Golf.30.入乡随俗,101.327069
category.Golf.26.场上,101.327069
category.Golf.6.墨尔本,95.791272
category.Golf.42.家伙,201.879346
category.Golf.39.当地,317.105606
category.Golf.13.拉,331.567082
category.Golf.5.拉球车,101.327069
category.Golf.2.拖车,202.654137
category.Golf.49.正是,155.194195
category.Golf.15.独自,191.582544
category.Golf.12.球王,101.327069
category.Golf.17.盛行,95.791272
category.Golf.11.练球,101.327069
category.Golf.16.错,101.327069
category.Golf.47.…,888.347533
category.Golf.21.一些,322.413257
category.Golf.47.冒头,106.139773
category.Golf.39.凯文,106.139773
category.Golf.5.基斯,106.139773
category.Golf.51.汤玛斯,106.139773
category.Golf.25.知道,234.873627
category.Golf.45.秋季,163.518893
category.Golf.34.纳,106.139773
category.Golf.11.至少,328.274737
category.Golf.31.这令,106.139773
category.Golf.1.迷乱,106.139773
category.Golf.41.两座,207.873490
category.Golf.45.丰收年,113.750291
category.Golf.9.今年,926.769384
category.Golf.42.仍然,307.332961
category.Golf.5.可谓,151.093359
category.Golf.14.囊中,113.750291
category.Golf.8.奖杯,565.219136
category.Golf.19.很难,197.875404
category.Golf.1.成功,742.579616
category.Golf.24.收入,148.328519
category.Golf.21.明年,516.358361
category.Golf.18.杯,1194.116105
category.Golf.47.联邦快递,113.750291
category.Golf.12.追平,113.750291
category.Golf.29.重复,113.750291
category.Golf.27.难,305.236089
category.Golf.42.非常,423.841297
category.Golf.24.预期,86.288214
category.Golf.20.五花八门,102.901421
category.Golf.24.令人吃惊,108.848114
category.Golf.47.回答,185.835835
category.Golf.46.孩子,123.603878
category.Golf.37.提出,83.845681
category.Golf.10.教学活动,108.848114
category.Golf.31.晕,102.901421
category.Golf.48.有趣,98.682175
category.Golf.34.澳大利亚,307.290273
category.Golf.2.犯,108.848114
category.Golf.18.相信,252.661243
category.Golf.5.眨眼,102.901421
category.Golf.5.神,185.470962
category.Golf.15.科学,102.901421
category.Golf.13.肯定,252.047003
category.Golf.50.补充,98.682175
category.Golf.50.道,312.491044
category.Golf.20.问题,429.129299
category.Golf.12.青少年,177.565267
category.Golf.23.面对,172.675636
category.Golf.17.面带微笑,108.848114
category.Golf.43.Erica,108.487130
category.Golf.35.Stoll,108.487130
category.Golf.49.一组组,108.487130
category.Golf.45.前台,108.487130
category.Golf.27.北爱,108.487130
category.Golf.6.印象,408.404754
category.Golf.20.图,337.956665
category.Golf.34.图来,108.487130
category.Golf.12.埃丽卡,288.431300
category.Golf.35.天王,183.160725
category.Golf.8.女友,205.120316
category.Golf.10.就让,228.881736
category.Golf.7.斯托尔,352.493110
category.Golf.42.没,333.341103
category.Golf.27.清楚,95.093057
category.Golf.26.看个,108.487130
category.Golf.42.站,367.813960
category.Golf.48.终于,237.158524
category.Golf.3.还,978.274670
category.Golf.16.这位,266.414972
category.Golf.48.迪拜,1298.979932
category.Golf.14.迷倒,108.487130
category.Golf.50.颁奖仪式,188.318976
category.Golf.10.三个,286.575007
category.Golf.39.分别,177.725314
category.Golf.27.南威尔士,85.258490
category.Golf.9.受,63.755506
category.Golf.1.名洞,85.258490
category.Golf.11.后院,85.258490
category.Golf.37.喜欢,289.932380
category.Golf.3.复制品,85.258490
category.Golf.40.威尔士,253.108816
category.Golf.31.家中,77.295718
category.Golf.37.家里,161.201134
category.Golf.12.建,80.600567
category.Golf.18.建了,170.516980
category.Golf.36.打扰,85.258490
category.Golf.9.接受,239.100437
category.Golf.39.朋友,212.753181
category.Golf.14.爱,136.375264
category.Golf.50.玩,193.025995
category.Golf.48.球洞,260.001104
category.Golf.17.痴迷,77.295718
category.Golf.46.皇马,85.258490
category.Golf.21.详情,64.675024
category.Golf.4.贝尔,170.516980
category.Golf.9.运动,268.842627
category.Golf.23.这项,149.377491
category.Golf.41.迷你,322.288127
category.Golf.31.透露,67.979873
category.Golf.13.采访,227.163464
category.Golf.24.首次,217.479398
category.Golf.30.三亚,109.393112
category.Golf.19.三轮,389.792315
category.Golf.8.中外,103.416644
category.Golf.16.九龙山,109.393112
category.Golf.10.代表,252.589682
category.Golf.26.任务,177.699344
category.Golf.16.加油,1168.063759
category.Golf.47.吉,103.416644
category.Golf.9.季军,109.393112
category.Golf.1.完前,109.393112
category.Golf.36.小窦,109.393112
category.Golf.22.就算,103.416644
category.Golf.16.暨,109.393112
category.Golf.7.海南,103.416644
category.Golf.2.行列,109.393112
category.Golf.33.表示,243.301918
category.Golf.34.詹姆斯,240.942612
category.Golf.18.计划,200.237508
category.Golf.17.贝里尼,109.393112
category.Golf.36.运动员,490.224160
category.Golf.0.问,156.052065
category.Golf.9.2014,207.857750
category.Golf.9.A,245.960747
category.Golf.44.B,149.423269
category.Golf.38.三届,78.838354
category.Golf.3.丽宫,78.838354
category.Golf.9.京,74.531182
category.Golf.28.今晚,254.776943
category.Golf.22.佘山,157.676707
category.Golf.49.依次,78.838354
category.Golf.35.半岛,78.838354
category.Golf.41.南京,71.475195
category.Golf.16.名人赛,78.838354
category.Golf.26.场,508.313641
category.Golf.49.大奖,149.062364
category.Golf.33.春城,78.838354
category.Golf.17.月球,74.531182
category.Golf.50.林克司,78.838354
category.Golf.39.海口,283.427975
category.Golf.25.清远,78.838354
category.Golf.35.湖,78.838354
category.Golf.43.湖景,78.838354
category.Golf.48.湖畔,78.838354
category.Golf.47.狮子,78.838354
category.Golf.37.百佳,236.515061
category.Golf.46.神州,78.838354
category.Golf.12.观澜湖,349.391352
category.Golf.38.鉴湖,78.838354
category.Golf.27.钟山,78.838354
category.Golf.17.高居,153.969586
category.Golf.10.黑石,176.832229
category.Golf.42.281,86.976435
category.Golf.15.之战,692.662219
category.Golf.34.亿日元,86.976435
category.Golf.50.收官,665.789034
category.Golf.8.日巡,869.130599
category.Golf.29.理光,86.976435
category.Golf.5.申智爱,173.952869
category.Golf.22.突破,203.444869
category.Golf.30.第三个,208.546234
category.Golf.2.第六位,165.481697
category.Golf.47.胜利,418.568824
category.Golf.11.重要,185.437112
category.Golf.13.卡西欧,219.240152
category.Golf.23.坤,219.240152
category.Golf.42.石川,109.620076
category.Golf.12.第一次,419.583540
category.Golf.23.花美男,109.620076
category.Golf.8.轮上,109.620076
category.Golf.6.辽,109.620076
category.Golf.17.逆转,103.631208
category.Golf.48.黄重,219.240152
category.Golf.8.&,183.948144
category.Golf.50.R,253.522112
category.Golf.30.上慢,104.928829
category.Golf.29.之中,192.586879
category.Golf.33.公布,536.293843
category.Golf.28.号召,104.928829
category.Golf.25.怎么回事,99.196258
category.Golf.41.慢,104.928829
category.Golf.8.慢打,104.928829
category.Golf.40.执行官,89.396362
category.Golf.47.斯,599.545352
category.Golf.9.朗伯,104.928829
category.Golf.0.羞辱,209.857658
category.Golf.11.警告,89.396362
category.Golf.35.这是,455.751105
category.Golf.21.首席,82.174176
category.Golf.0.马丁,299.699262
category.Golf.27.一条,193.802130
category.Golf.37.之后,581.066428
category.Golf.50.伤势,195.933089
category.Golf.27.名人堂,101.399752
category.Golf.50.尽头,101.399752
category.Golf.4.感同身受,202.799504
category.Golf.33.时间,1583.318838
category.Golf.22.明星,183.858914
category.Golf.15.泰格,434.763041
category.Golf.3.洛杉矶,88.880703
category.Golf.31.消息,155.175054
category.Golf.0.湖人队,101.399752
category.Golf.6.理解,91.929457
category.Golf.5.科比,202.799504
category.Golf.17.篮球,173.590111
category.Golf.51.艰难,95.859984
category.Golf.12.谈到,177.352345
category.Golf.10.走,233.059956
category.Golf.23.退役,202.799504
category.Golf.8.PGA,324.120570
category.Golf.9.举办,137.118712
category.Golf.25.体系,82.321038
category.Golf.46.俊,93.916144
category.Golf.18.巡回赛,893.197492
category.Golf.37.报道,547.235652
category.Golf.8.收官战,393.766132
category.Golf.16.文景,93.916144
category.Golf.1.无,66.834900
category.Golf.37.王,235.860911
category.Golf.16.第七个,93.916144
category.Golf.48.继,139.387457
category.Golf.17.脱亚入,93.916144
category.Golf.10.脱离,93.916144
category.Golf.8.赛程,177.686837
category.Golf.26.路透,93.916144
category.Golf.41.路透社,93.916144
category.Golf.3.进入,485.376174
category.Golf.11.are,103.490530
category.Golf.4.where,103.490530
category.Golf.0.you,97.836537
category.Golf.31.丨,103.490530
category.Golf.51.个体,97.836537
category.Golf.7.乐观,88.170973
category.Golf.26.做,186.576231
category.Golf.26.呼吸,103.490530
category.Golf.26.外,218.887134
category.Golf.26.很多,253.125719
category.Golf.29.惟愿,103.490530
category.Golf.13.抱怨,184.984299
category.Golf.10.无能为力,103.490530
category.Golf.9.无霾,103.490530
category.Golf.24.有点,88.170973
category.Golf.14.期,173.704261
category.Golf.18.泪流满面,195.673074
category.Golf.28.生气,97.836537
category.Golf.40.疑问,97.836537
category.Golf.20.看上去,169.543358
category.Golf.5.纯净,103.490530
category.Golf.40.自嘲,103.490530
category.Golf.8.自由,90.713349
category.Golf.14.蓝天,103.490530
category.Golf.11.霾,103.490530
category.Golf.42.馋嘴,86.021424
category.Golf.31.Fowler,93.727625
category.Golf.12.Rickie,93.727625
category.Golf.40.下午,125.491724
category.Golf.33.下来,216.834211
category.Golf.40.之前,279.916421
category.Golf.50.像是,93.727625
category.Golf.38.冲浪者,93.727625
category.Golf.22.加州人,93.727625
category.Golf.5.去年,507.436536
category.Golf.36.呆,88.607008
category.Golf.4.大赛,182.043438
category.Golf.20.奥古斯塔,1020.726275
category.Golf.16.崇拜者,93.727625
category.Golf.1.希望,427.623677
category.Golf.17.帮助,240.067945
category.Golf.10.年轻人,163.091537
category.Golf.21.搅动,93.727625
category.Golf.8.放松,88.607008
category.Golf.20.橘黄色,93.727625
category.Golf.38.海滩,88.607008
category.Golf.16.白沙,187.455249
category.Golf.42.看起来,212.017600
category.Golf.37.穿着,93.727625
category.Golf.0.衣服,88.607008
category.Golf.2.认识,77.906488
category.Golf.33.讨人喜欢,93.727625
category.Golf.2.追随,93.727625
category.Golf.25.青年,188.462683
category.Golf.31.风云,93.727625
category.Golf.30.F1,118.602487
category.Golf.4.一事,66.111891
category.Golf.29.世界冠军,68.938565
category.Golf.0.主项,72.922538
category.Golf.51.人尽皆知,72.922538
category.Golf.6.伯格,291.690153
category.Golf.35.决定,123.008857
category.Golf.51.凯梅尔,183.662168
category.Golf.0.凯梅尔约,72.922538
category.Golf.6.嘻嘻,362.235744
category.Golf.0.场子,72.922538
category.Golf.37.大比拼,72.922538
category.Golf.50.弹,72.922538
category.Golf.22.战凯,72.922538
category.Golf.15.找回,145.845076
category.Golf.15.拿过,72.922538
category.Golf.4.挂不住,72.922538
category.Golf.5.推杆,226.114003
category.Golf.18.梅尔,72.922538
category.Golf.48.江湖,63.919352
category.Golf.5.沸沸扬扬,156.873779
category.Golf.23.猜,68.938565
category.Golf.37.竞速,72.922538
category.Golf.45.胜,72.922538
category.Golf.44.脸上,72.922538
category.Golf.40.蒙眼,72.922538
category.Golf.5.话,63.919352
category.Golf.11.输给,72.922538
category.Golf.9.这次,147.202482
category.Golf.17.闹,150.441515
category.Golf.5.面子,72.922538
category.Golf.25.285,121.830969
category.Golf.44.73,335.747303
category.Golf.50.内,220.845135
category.Golf.35.刚刚,214.958197
category.Golf.16.唯一,451.587818
category.Golf.40.地球,198.278320
category.Golf.22.手鲁婉遥,128.871605
category.Golf.49.落幕,265.315741
category.Golf.3.表现出色,215.446438
category.Golf.49.资格考试,128.871605
category.Golf.40.阶段,178.738716
category.Golf.15.Rory,153.161141
category.Golf.39._,547.456410
category.Golf.1.发布,163.309752
category.Golf.26.埃菲尔铁塔,88.125542
category.Golf.47.大约,75.080442
category.Golf.30.姑娘,295.942453
category.Golf.44.已,239.585075
category.Golf.36.恋爱,88.125542
category.Golf.11.求婚,176.251084
category.Golf.18.浪漫,79.895001
category.Golf.10.祝福,88.125542
category.Golf.42.谈,144.642074
category.Golf.4.20,297.765277
category.Golf.37.24,245.585305
category.Golf.9.个人,422.112156
category.Golf.9.个加,88.714620
category.Golf.40.保帕,398.073274
category.Golf.4.内森,88.714620
category.Golf.10.力克,88.714620
category.Golf.25.南非,875.960069
category.Golf.45.哈罗德,88.714620
category.Golf.49.小将,748.782664
category.Golf.43.曼,88.714620
category.Golf.32.本土,350.423916
category.Golf.4.欧巡赛,948.438181
category.Golf.40.洞赛,88.714620
category.Golf.38.特利,88.714620
category.Golf.8.瓦尔纳,88.714620
category.Golf.50.福瑞,88.714620
category.Golf.43.迪伦,88.714620
category.Golf.48.霍尔,171.993922
category.Golf.21.首座,159.440613
category.Golf.25.!,116.553784
category.Golf.24.2004,218.697095
category.Golf.42.SiMin,226.198764
category.Golf.37.一关,365.496871
category.Golf.50.三关,145.253925
category.Golf.36.五天,145.253925
category.Golf.6.以来,427.367524
category.Golf.7.低杆数,292.084586
category.Golf.20.全卡,540.454788
category.Golf.29.冯偲敏,226.198764
category.Golf.47.冯思敏,485.793851
category.Golf.18.增加,113.362437
category.Golf.24.头名,226.198764
category.Golf.40.学校,297.445650
category.Golf.6.层层,139.298107
category.Golf.12.斩获,145.253925
category.Golf.49.最后,1163.841923
category.Golf.0.状元,365.496871
category.Golf.45.考试,412.809302
category.Golf.14.考验,226.583567
category.Golf.42.Jennifer,376.135649
category.Golf.15.RINA,95.852900
category.Golf.29.一轮,463.670046
category.Golf.51.侄女,292.384654
category.Golf.26.半卡,95.852900
category.Golf.17.同样,173.075002
category.Golf.4.周佳怡,95.852900
category.Golf.37.夏安,225.128493
category.Golf.3.第一轮,170.054578
category.Golf.32.阎菁,547.429993
category.Golf.0.不要,161.988147
category.Golf.17.亮眼,83.187525
category.Golf.27.劳森,87.994948
category.Golf.5.各国,166.375049
category.Golf.15.外漏,87.994948
category.Golf.42.小妹,194.340869
category.Golf.33.小萝莉,87.994948
category.Golf.50.崔萝莲,87.994948
category.Golf.28.布莱尔,178.667325
category.Golf.28.当然,144.311378
category.Golf.13.忘,87.994948
category.Golf.44.抱抱,159.553207
category.Golf.26.招,87.994948
category.Golf.43.汇总,77.130887
category.Golf.1.火辣,87.994948
category.Golf.38.美艳,151.299992
category.Golf.43.群芳,87.994948
category.Golf.1.身材,87.994948
category.Golf.31.过瘾,83.187525
category.Golf.13.魏圣美,359.516183
category.Golf.47.67,855.585555
category.Golf.41.一姐,347.086968
category.Golf.30.一早,96.432141
category.Golf.41.一步,91.163769
category.Golf.12.争夺,575.106474
category.Golf.20.冯珊珊,1414.395068
category.Golf.14.出发,384.760662
category.Golf.5.卫冕,636.090457
category.Golf.22.周四,158.836508
category.Golf.13.坚实,91.163769
category.Golf.39.展开,452.513984
category.Golf.6.日后,96.432141
category.Golf.25.继续,63.614327
category.Golf.26.继首,96.432141
category.Golf.10.跃居,249.505116
category.Golf.39.迈出,91.163769
category.Golf.3.|,75.782832
category.Golf.13.一睹,85.113194
category.Golf.49.为期,145.222635
category.Golf.43.再次,376.794443
category.Golf.49.南方,94.443555
category.Golf.27.变化多端,94.443555
category.Golf.12.崭新,99.901467
category.Golf.13.差点,188.887111
category.Golf.46.打球,510.660899
category.Golf.4.改造,94.443555
category.Golf.19.新去处,99.901467
category.Golf.24.珠海,99.901467
category.Golf.36.球道,749.792052
category.Golf.36.理由,85.113194
category.Golf.9.精心,83.038192
category.Golf.13.系统,139.300444
category.Golf.7.翠湖,199.802934
category.Golf.48.设计,126.469792
category.Golf.19.评定,199.802934
category.Golf.31.诺曼,368.158309
category.Golf.28.重新加入,99.901467
category.Golf.1.面貌,99.901467
category.Golf.5.风采,94.443555
category.Golf.25.高尔夫球会,171.444947
category.Golf.27.两名,111.153344
category.Golf.10.田仁智,117.576918
category.Golf.23.留在,111.153344
category.Golf.6.能够,280.814777
category.Golf.33.这场,206.579493
category.Golf.45.金孝周,233.069318
category.Golf.25.一定,215.778227
category.Golf.8.一把,192.862323
category.Golf.6.下海,97.432582
category.Golf.3.不行,184.219105
category.Golf.16.体验,440.918564
category.Golf.49.写真,97.432582
category.Golf.17.准备,166.163507
category.Golf.19.刚,153.198300
category.Golf.21.大片,92.109553
category.Golf.11.好友,195.188718
category.Golf.32.惊心动魄,97.432582
category.Golf.28.拍摄,77.686745
category.Golf.5.时刻,983.403434
category.Golf.42.深海,194.865164
category.Golf.8.潜水,404.346276
category.Golf.30.瘾,92.109553
category.Golf.44.紧张,166.019548
category.Golf.18.问问,97.432582
category.Golf.43.186,82.978513
category.Golf.5.30,549.697873
category.Golf.19.61,82.978513
category.Golf.45.事实证明,78.445152
category.Golf.29.克尔,82.978513
category.Golf.0.大奖赛,150.457362
category.Golf.14.夺魁,82.978513
category.Golf.0.好,272.508641
category.Golf.51.布兰德,82.978513
category.Golf.15.德克,82.978513
category.Golf.44.斯内德,82.978513
category.Golf.8.杆数赛,165.957025
category.Golf.21.正确,68.971817
category.Golf.51.纳斯内,82.978513
category.Golf.32.赛杜夫,82.978513
category.Golf.22.鲨鱼,248.935538
category.Golf.39.再赢,106.136249
category.Golf.13.十分,297.705407
category.Golf.2.卡,420.144610
category.Golf.16.双冠王,189.845416
category.Golf.15.头衔,106.136249
category.Golf.16.安妮,100.337712
category.Golf.31.很棒,106.136249
category.Golf.48.本来,93.032421
category.Golf.49.比较,81.756731
category.Golf.23.满意,100.337712
category.Golf.18.目标,174.892957
category.Golf.38.相,96.223585
category.Golf.43.索伦斯坦,197.629175
category.Golf.4.谦逊,106.136249
category.Golf.29.SHANSHANFENG,843.836012
category.Golf.17.一览,83.382634
category.Golf.22.座,98.137192
category.Golf.22.收获,247.156467
category.Golf.5.欧巡三大,108.246989
category.Golf.4.盘点,640.599854
category.Golf.0.两届,102.913956
category.Golf.41.冠王,268.388928
category.Golf.0.冯珊,102.913956
category.Golf.29.历史,307.652460
category.Golf.47.历届,205.827911
category.Golf.43.女皇,102.913956
category.Golf.2.如今,157.937794
category.Golf.50.当仁不让,102.913956
category.Golf.21.成就,175.343236
category.Golf.21.此前,74.973752
category.Golf.48.珊,823.615859
category.Golf.36.21,379.430048
category.Golf.30.267,85.548733
category.Golf.26.今天,543.970449
category.Golf.31.对手,75.217542
category.Golf.9.得主,246.616407
category.Golf.36.无柏忌,303.962005
category.Golf.16.绝对优势,90.492611
category.Golf.1.首位,332.317490
category.Golf.41.一份,69.221512
category.Golf.34.上升,450.699098
category.Golf.32.冲击,206.029982
category.Golf.34.含,80.471022
category.Golf.4.大家,119.193617
category.Golf.48.尚未,265.905405
category.Golf.27.年终,85.121459
category.Golf.12.惊喜,77.171485
category.Golf.36.手中,153.645716
category.Golf.7.拭目以待,72.521049
category.Golf.16.明日,407.620396
category.Golf.2.给力,263.484609
category.Golf.17.豁免,80.471022
category.Golf.7.金诚,448.386341
category.Golf.25.上镜奖,116.210597
category.Golf.34.五位,116.210597
category.Golf.48.亲密,314.299876
category.Golf.25.吴莎,116.210597
category.Golf.25.安信,116.210597
category.Golf.22.小朋友,105.357034
category.Golf.20.小萌星,116.210597
category.Golf.11.拉开帷幕,116.210597
category.Golf.42.接触,241.516977
category.Golf.5.李梓,116.210597
category.Golf.29.次轮,431.301580
category.Golf.11.火热,109.861670
category.Golf.40.练习场,215.949744
category.Golf.16.郭艾臻,116.210597
category.Golf.33.陈芷澄,190.602259
category.Golf.40.颁奖,116.210597
category.Golf.44.高球,255.221086
category.Golf.34.APP,102.947241
category.Golf.27.R4zDIw4,108.896582
category.Golf.48.体育,248.104893
category.Golf.27.手机,69.659116
category.Golf.48.收看,217.793164
category.Golf.3.栏目,108.896582
category.Golf.28.欢迎,145.024500
category.Golf.46.汽车,291.650213
category.Golf.50.现代,285.602772
category.Golf.19.登录,98.726116
category.Golf.48.直播间,191.131623
category.Golf.0.详细,241.420531
category.Golf.17.40,293.048583
category.Golf.5.NO.19,132.622227
category.Golf.37.保卫战,265.244454
category.Golf.0.绿,567.942594
category.Golf.44.茄克,344.611652
category.Golf.29.MCB,180.767235
category.Golf.18.大卫,77.004258
category.Golf.37.夺得,228.148627
category.Golf.47.常青,180.767235
category.Golf.25.弗罗斯特,90.383618
category.Golf.47.张连伟,271.150853
category.Golf.24.排,246.645452
category.Golf.22.有望,277.483097
category.Golf.42.欧洲,627.653612
category.Golf.42.一名,94.677159
category.Golf.12.一家,234.111515
category.Golf.33.不幸,116.424182
category.Golf.23.出现意外,116.424182
category.Golf.6.发现,78.110691
category.Golf.32.呼吸器,116.424182
category.Golf.27.奥斯汀,116.424182
category.Golf.30.导致,160.128709
category.Golf.28.悲剧,116.424182
category.Golf.7.想,189.805389
category.Golf.42.捞,116.424182
category.Golf.23.捞球,116.424182
category.Golf.26.据悉,87.060920
category.Golf.37.政治家,116.424182
category.Golf.44.是因为,102.050182
category.Golf.43.池塘,116.424182
category.Golf.4.淹死,116.424182
category.Golf.0.溺亡,116.424182
category.Golf.5.田纳西州,116.424182
category.Golf.32.赚钱,191.388308
category.Golf.24.Cup,151.761055
category.Golf.3.Eurasia,74.553307
category.Golf.39.一哥,74.553307
category.Golf.20.人于,74.553307
category.Golf.27.克拉克,70.480240
category.Golf.43.入围,157.367326
category.Golf.8.史上,172.806889
category.Golf.50.名单,153.799665
category.Golf.47.垂青,74.553307
category.Golf.21.安秉勋,74.553307
category.Golf.28.对抗,70.480240
category.Golf.22.对抗赛,197.168379
category.Golf.1.拉西,74.553307
category.Golf.13.杰夫,70.480240
category.Golf.48.欧亚,1170.596575
category.Golf.1.率领,74.553307
category.Golf.48.第一位,211.190147
category.Golf.42.米哈,326.746405
category.Golf.17.联袂,74.553307
category.Golf.45.跻身,70.480240
category.Golf.5.辛,197.168379
category.Golf.0.达伦,74.553307
category.Golf.30.里,297.653475
category.Golf.47.金庚泰,74.553307
category.Golf.23.队,1374.203443
category.Golf.2.顶级,56.554332
category.Golf.25.马来西亚,154.240299
category.Golf.4.事情,138.980899
category.Golf.42.全卡后,71.142907
category.Golf.25.公益活动,71.142907
category.Golf.46.合影,71.142907
category.Golf.45.听夏安,71.142907
category.Golf.0.够,71.142907
category.Golf.35.大胆,64.498469
category.Golf.41.拿到,149.951000
category.Golf.26.期间,306.079334
category.Golf.39.苏珊,191.629223
category.Golf.11.豹子,142.285814
category.Golf.28.赞比亚,71.142907
category.Golf.17.起来,314.363402
category.Golf.46.遛,142.285814
category.Golf.8.非洲,269.024640
category.Golf.46.事,353.746125
category.Golf.36.亚,511.895397
category.Golf.8.出路,186.034015
category.Golf.20.合并,252.988873
category.Golf.5.并称,158.141177
category.Golf.28.恩,175.870428
category.Golf.29.惊天动地,93.017008
category.Golf.2.担心,143.148759
category.Golf.37.挤走,93.017008
category.Golf.36.改变,143.303887
category.Golf.36.无疑,186.050470
category.Golf.37.比约,186.034015
category.Golf.13.万美元,270.493641
category.Golf.9.中国香港,77.429999
category.Golf.23.中巡,159.715758
category.Golf.41.亚巡,85.406603
category.Golf.49.刘艳,85.406603
category.Golf.5.卫冕冠军,894.381737
category.Golf.17.台巡,85.406603
category.Golf.42.周五,258.556236
category.Golf.20.哥尔夫,85.406603
category.Golf.13.总,125.274957
category.Golf.10.揭幕,72.763984
category.Golf.39.旧场,85.406603
category.Golf.28.榜,201.329939
category.Golf.4.第二张,85.406603
category.Golf.10.维维,85.406603
category.Golf.23.联合,139.348888
category.Golf.25.认证,163.340559
category.Golf.4.赛本,85.406603
category.Golf.12.转战,80.740589
category.Golf.32.首场,638.604696
category.Golf.43.香港,235.644701
category.Golf.29.661,88.068482
category.Golf.14.一次性,88.068482
category.Golf.12.争取,79.843270
category.Golf.46.参赛权,88.068482
category.Golf.32.名列,88.068482
category.Golf.49.命运,79.843270
category.Golf.42.唐纳,176.136965
category.Golf.51.小伙,200.877832
category.Golf.40.彻底改变,88.068482
category.Golf.51.杰米,183.330146
category.Golf.9.逊,176.136965
category.Golf.10.闯入,259.587319
category.Golf.23.一个月,116.016527
category.Golf.27.一洞,668.381687
category.Golf.39.不愧为,127.968199
category.Golf.21.倒计时,185.025235
category.Golf.43.北爱尔兰,127.968199
category.Golf.47.宣传片,104.064855
category.Golf.6.家乡,205.901840
category.Golf.13.推出,78.616362
category.Golf.31.数最多,127.968199
category.Golf.47.氛围,112.168948
category.Golf.29.爱尔兰,395.655454
category.Golf.49.现场,291.709016
category.Golf.31.观众,206.026359
category.Golf.28.记得,204.334026
category.Golf.40.超燃,127.968199
category.Golf.49.东京,65.319666
category.Golf.6.亮相,103.786612
category.Golf.15.亿,46.781932
category.Golf.33.大图,313.343149
category.Golf.8.奔驰,52.488133
category.Golf.50.开心,144.220994
category.Golf.46.开走,72.048701
category.Golf.51.更是,244.149777
category.Golf.26.李宝美,72.048701
category.Golf.15.满,65.319666
category.Golf.17.王李宝,72.048701
category.Golf.18.盆满,72.048701
category.Golf.17.红裙,72.048701
category.Golf.48.美一袭,72.048701
category.Golf.11.羡慕,68.112468
category.Golf.17.赚,142.048402
category.Golf.46.钵,68.112468
category.Golf.7.颁奖典礼,136.224935
category.Golf.28.颁奖礼,72.048701
category.Golf.9.下课,73.886812
category.Golf.0.不满,73.886812
category.Golf.44.主教练,147.773623
category.Golf.30.何塞,73.886812
category.Golf.13.借着,73.886812
category.Golf.47.公开,193.922077
category.Golf.39.切尔西,73.886812
category.Golf.26.发推,69.850157
category.Golf.34.发话,73.886812
category.Golf.44.呼吁,69.850157
category.Golf.20.怀抱,69.850157
category.Golf.10.执教,69.850157
category.Golf.25.敞开,154.811195
category.Golf.28.曼联,349.250786
category.Golf.18.穆里尼奥,147.773623
category.Golf.41.粉麦,73.886812
category.Golf.18.脑残,73.886812
category.Golf.44.范加尔,147.773623
category.Golf.14.表达,133.972211
category.Golf.15.质疑,60.085399
category.Golf.36.足球,684.928161
category.Golf.23.间接,73.886812
category.Golf.50.Coetzee,89.832749
category.Golf.15.George,78.741789
category.Golf.47.两次,146.723459
category.Golf.31.乔治,81.442761
category.Golf.44.六年,89.832749
category.Golf.1.内赛,89.832749
category.Golf.43.凌晨,74.669064
category.Golf.39.历经,76.534933
category.Golf.10.坎瑟亚,179.665497
category.Golf.13.欧巡茨瓦,89.832749
category.Golf.19.比勒陀利亚,89.832749
category.Golf.43.瓦内,89.832749
category.Golf.31.第五次,89.832749
category.Golf.5.第四座,89.832749
category.Golf.33.茨,89.832749
category.Golf.32.该项,89.832749
category.Golf.19.雷电,89.832749
category.Golf.31.一站,92.457498
category.Golf.21.低,133.867799
category.Golf.10.全年,92.457498
category.Golf.16.增,92.457498
category.Golf.43.大多数,92.457498
category.Golf.43.新增,84.767691
category.Golf.33.日前,229.244248
category.Golf.35.日程,445.007415
category.Golf.29.水平,210.711714
category.Golf.13.稳中有,101.982190
category.Golf.10.Dash,79.373620
category.Golf.5.J,69.573969
category.Golf.38.买,56.485794
category.Golf.34.交集,79.373620
category.Golf.41.儿子,165.834407
category.Golf.17.克里夫兰,79.373620
category.Golf.35.前来,71.960470
category.Golf.9.发生,194.273967
category.Golf.40.史密斯,79.373620
category.Golf.9.吃,65.975427
category.Golf.13.后卫,79.373620
category.Golf.40.场边,79.373620
category.Golf.32.夫妇俩,79.373620
category.Golf.30.妻子,274.914650
category.Golf.29.季前赛,79.373620
category.Golf.27.官方,192.114428
category.Golf.40.居然,75.037205
category.Golf.40.感谢,224.897443
category.Golf.26.戴,158.747240
category.Golf.15.戴什,79.373620
category.Golf.12.推特,71.960470
category.Golf.18.撞,75.037205
category.Golf.33.撞伤,79.373620
category.Golf.27.棉花,79.373620
category.Golf.1.糖,79.373620
category.Golf.31.观战,79.373620
category.Golf.39.跑,62.160818
category.Golf.45.骑士,79.373620
category.Golf.1.骑士队,238.120861
category.Golf.49.Patrick,89.870953
category.Golf.5.Reed,89.870953
category.Golf.51.不在意,179.741906
category.Golf.2.不想,349.779350
category.Golf.40.专访,68.173927
category.Golf.4.人品,89.870953
category.Golf.3.体重,84.961038
category.Golf.49.别人,213.840953
category.Golf.3.帕特里克,346.619252
category.Golf.11.强时,89.870953
category.Golf.23.彪悍,89.870953
category.Golf.37.心扉,89.870953
category.Golf.34.排名第,238.414643
category.Golf.8.控制,70.381721
category.Golf.49.新星,334.607429
category.Golf.50.杂志,84.961038
category.Golf.37.根本,76.567482
category.Golf.1.球风,89.870953
category.Golf.27.称,47.715430
category.Golf.35.节食,89.870953
category.Golf.27.里德,269.612858
category.Golf.39.颇为,89.870953
category.Golf.44.87,83.235202
category.Golf.19.90,75.012147
category.Golf.8.Spinal,88.045380
category.Golf.49.Stenosis,88.045380
category.Golf.8.一个半,88.045380
category.Golf.33.不折不扣,83.235202
category.Golf.51.为此,180.288088
category.Golf.35.主席,128.212002
category.Golf.38.从事,88.045380
category.Golf.28.减压,88.045380
category.Golf.19.动手术,88.045380
category.Golf.43.劳损,88.045380
category.Golf.11.小时,220.279621
category.Golf.44.属于,170.750130
category.Golf.25.彭博社,83.235202
category.Golf.24.感慨,88.045380
category.Golf.13.手术,88.045380
category.Golf.49.才,242.216922
category.Golf.33.早上,249.990517
category.Golf.37.时光,77.175093
category.Golf.25.李嘉诚,264.136141
category.Golf.51.每天,68.952038
category.Golf.17.点,142.025175
category.Golf.29.爱好者,149.743414
category.Golf.4.狭窄,88.045380
category.Golf.26.症,88.045380
category.Golf.49.真正,64.960347
category.Golf.4.腰,88.045380
category.Golf.2.腰椎,88.045380
category.Golf.49.腰部,88.045380
category.Golf.46.长和系,88.045380
category.Golf.47.长期,65.839516
category.Golf.18.首富,79.822325
category.Golf.32.146,90.957818
category.Golf.49.495,90.957818
category.Golf.43.五名,90.957818
category.Golf.20.内地,356.501298
category.Golf.6.前五,90.957818
category.Golf.12.变化,141.399116
category.Golf.25.埃纳,90.957818
category.Golf.48.塔布,90.957818
category.Golf.17.巴巴,217.935339
category.Golf.20.有亚,90.957818
category.Golf.17.梁文冲,1083.599838
category.Golf.5.菲,90.957818
category.Golf.16.菲律宾,181.915636
category.Golf.10.飙升,82.462754
category.Golf.35.停不下来,103.268669
category.Golf.48.凯路亚,109.236586
category.Golf.31.围观,483.389771
category.Golf.36.夏威夷,490.790293
category.Golf.22.夏威夷州,109.236586
category.Golf.42.奥巴马,546.673412
category.Golf.39.度假,109.236586
category.Golf.23.总统,213.622848
category.Golf.39.笑容满面,109.236586
category.Golf.30.群众,103.268669
category.Golf.27.脱帽,109.236586
category.Golf.49.致意,109.236586
category.Golf.6.边上,109.236586
category.Golf.47.89,99.929033
category.Golf.43.一周,90.596097
category.Golf.35.一期,244.206022
category.Golf.30.仍待,99.929033
category.Golf.49.伍兹会,99.929033
category.Golf.12.入场券,99.929033
category.Golf.32.四届,99.929033
category.Golf.42.四月份,99.929033
category.Golf.11.幸运,99.929033
category.Golf.3.攀升,224.065561
category.Golf.7.李,156.309654
category.Golf.17.特伍德,99.929033
category.Golf.41.白,188.939230
category.Golf.48.第二名,94.469615
category.Golf.15.维斯,99.929033
category.Golf.11.迄今为止,90.596097
category.Golf.28.2000,62.494251
category.Golf.29.96,164.767327
category.Golf.47.NO.9,164.767327
category.Golf.13.当选,164.767327
category.Golf.26.此奖,82.383664
category.Golf.40.画报,164.767327
category.Golf.35.评选,72.212385
category.Golf.19.转,74.689388
category.Golf.44.1999,78.117664
category.Golf.38.NO.5,86.165109
category.Golf.46.三十而立,86.165109
category.Golf.24.井喷,86.165109
category.Golf.37.人生,412.681138
category.Golf.16.倒数,73.410210
category.Golf.50.加西亚,402.292921
category.Golf.15.史诗,86.165109
category.Golf.27.四十不惑,86.165109
category.Golf.50.塞尔吉奥,152.884376
category.Golf.41.大战,81.457655
category.Golf.14.当年,75.526965
category.Golf.51.第五回,86.165109
category.Golf.49.般的,154.356757
category.Golf.26.超新星,274.632651
category.Golf.7.迈入,86.165109
category.Golf.51.迎来,622.674729
category.Golf.50.鲜肉,86.165109
category.Golf.47.moments,117.861683
category.Golf.3.下巴,117.861683
category.Golf.42.十大,289.249668
category.Golf.37.惊掉,117.861683
category.Golf.15.挖,117.861683
category.Golf.29.目瞪口呆,117.861683
category.Golf.50.震惊,222.845104
category.Golf.30.频道,273.602343
category.Golf.37.鼻,117.861683
category.Golf.21.一飞冲天,133.621728
category.Golf.33.仅仅,205.936505
category.Golf.42.十个,133.621728
category.Golf.46.小飞侠,238.677455
category.Golf.50.毫无疑问,121.142040
category.Golf.17.高光,133.621728
category.Golf.39.三球,81.451317
category.Golf.25.个球,162.902634
category.Golf.38.出,147.822826
category.Golf.19.官网,73.844119
category.Golf.16.挑战性,81.451317
category.Golf.36.最有,73.844119
category.Golf.14.正中,162.902634
category.Golf.16.深圳,194.832802
category.Golf.5.竞赛,81.451317
category.Golf.19.难度,73.844119
category.Golf.24.400,101.177899
category.Golf.20.43,124.418120
category.Golf.19.放在,106.000681
category.Golf.23.无限,112.798009
category.Golf.20.渴望,117.620791
category.Golf.3.潜力,112.798009
category.Golf.51.短短,109.057170
category.Golf.0.菲茨,117.620791
category.Golf.9.阵容,124.418120
category.Golf.25.25,157.106572
category.Golf.51.26,271.713079
category.Golf.51.JT,100.870575
category.Golf.21.元月份,100.870575
category.Golf.32.剩下,88.416859
category.Golf.20.包括,158.885250
category.Golf.18.四大,95.359718
category.Golf.19.国内,134.730327
category.Golf.22.总共,91.449703
category.Golf.47.新加坡,553.853017
category.Golf.42.满贯,100.870575
category.Golf.8.除去,100.870575
category.Golf.30.人帅,105.626354
category.Golf.16.儿童,265.736942
category.Golf.7.圣,428.916062
category.Golf.21.心善,105.626354
category.Golf.26.患者,105.626354
category.Golf.15.憧憬,1436.610655
category.Golf.40.病患,105.626354
category.Golf.17.裘德,383.621162
category.Golf.10.道尔,105.626354
category.Golf.27.霍雪尔,212.938302
category.Golf.16.一道,414.003253
category.Golf.4.奥地利,600.261845
category.Golf.16.开杆,131.724510
category.Golf.34.特意,119.422015
category.Golf.43.耶,249.056023
category.Golf.46.请来,131.724510
category.Golf.19.赛前,280.869621
category.Golf.29.2018,336.689019
category.Golf.38.七天,108.291926
category.Golf.1.两天,197.801767
category.Golf.50.书写,108.291926
category.Golf.37.信号,88.063938
category.Golf.5.全程,98.177932
category.Golf.34.六路,108.291926
category.Golf.43.开启,396.016798
category.Golf.48.新篇章,108.291926
category.Golf.40.甲,176.126006
category.Golf.23.首秀,669.662289
category.Golf.15.14000,104.509639
category.Golf.11.1805,104.509639
category.Golf.23.82,94.748894
category.Golf.35.RSlV8qu,104.509639
category.Golf.3.一部,98.799969
category.Golf.12.今年夏天,98.799969
category.Golf.51.介绍,79.278480
category.Golf.28.公里,86.868509
category.Golf.39.吉尼斯世界纪录,104.509639
category.Golf.24.壮举,196.326984
category.Golf.13.多长,104.509639
category.Golf.18.天,155.447018
category.Golf.48.将会,74.373702
category.Golf.8.整个,163.223644
category.Golf.18.最长,189.497789
category.Golf.20.穿越,104.509639
category.Golf.4.答案,86.868509
category.Golf.0.纪录片,98.799969
category.Golf.22.蒙古,104.509639
category.Golf.40.这一,155.881215
category.Golf.31.震撼,94.748894
category.Golf.41.面世,94.748894
category.Golf.6.+,644.953162
category.Golf.17.34,235.914657
category.Golf.46.T26,83.843982
category.Golf.40.业余选手,83.843982
category.Golf.19.佩妮,269.782043
category.Golf.23.全日空,946.360723
category.Golf.25.华裔,83.843982
category.Golf.12.城炫,83.843982
category.Golf.35.斯洋,83.843982
category.Golf.39.朴城,269.782043
category.Golf.27.林德伯格,269.782043
category.Golf.27.炫则,183.125564
category.Golf.9.竞争对手,73.492409
category.Golf.38.美籍,168.164947
category.Golf.15.赛朴,83.843982
category.Golf.6.遗憾,175.312735
category.Golf.3.call,226.123743
category.Golf.43.上半场,125.257066
category.Golf.5.周末,415.098607
category.Golf.51.容错过,113.558602
category.Golf.33.应援,235.791869
category.Golf.50.晚上,280.726861
category.Golf.19.金花,125.257066
category.Golf.47.一年一度,93.492759
category.Golf.34.全国,68.110324
category.Golf.40.纳入,84.760943
category.Golf.28.统一,84.760943
category.Golf.6.范畴,93.492759
category.Golf.19.高考,467.463794
category.Golf.5.中国台北,159.582247
category.Golf.3.何绍,167.078319
category.Golf.11.安德鲁斯,83.539160
category.Golf.42.张蕙麟,83.539160
category.Golf.14.揭幕战,271.611138
category.Golf.35.李大,83.539160
category.Golf.25.柏,83.539160
category.Golf.29.河南,78.975169
category.Golf.21.炫,177.166425
category.Golf.34.玠,83.539160
category.Golf.5.第四位,83.539160
category.Golf.14.赵乐,83.539160
category.Golf.25.郑州,73.225221
category.Golf.35.韩,256.778387
category.Golf.30.领跑,432.646344
category.Golf.45.下班,211.535804
category.Golf.2.表现,393.720619
category.Golf.0.一杆,632.420069
category.Golf.36.出炉,187.755355
category.Golf.3.宏利,246.289036
category.Golf.44.彼得森,131.560607
category.Golf.14.挪威,119.273419
category.Golf.9.李美香,131.560607
category.Golf.23.金融,194.816024
category.Golf.47.58,84.352375
category.Golf.30.74,173.180386
category.Golf.12.79,159.487912
category.Golf.17.不佳,76.474231
category.Golf.19.先生,67.257393
category.Golf.27.六记,84.352375
category.Golf.12.双柏,84.352375
category.Golf.16.史蒂芬,84.352375
category.Golf.2.威巡赛,379.292323
category.Golf.10.德国,70.113772
category.Golf.24.忌,84.352375
category.Golf.44.打入,84.352375
category.Golf.39.爆,76.474231
category.Golf.26.爱丽,421.192410
category.Golf.38.爱丽赛,84.352375
category.Golf.23.耶格,84.352375
category.Golf.18.锁定,361.474066
category.Golf.6.高于,71.865812
category.Golf.38.150,241.988034
category.Golf.8.498,85.265377
category.Golf.48.余珮琳,255.796131
category.Golf.22.俩,80.607078
category.Golf.47.冲冠,168.843468
category.Golf.51.只用,85.265377
category.Golf.5.号码,80.607078
category.Golf.50.打破,168.323844
category.Golf.17.推,230.104926
category.Golf.13.推因,85.265377
category.Golf.35.看线,85.265377
category.Golf.48.粉岭,85.265377
category.Golf.14.纪录,61.375133
category.Golf.9.记住,85.265377
category.Golf.9.说明,72.643663
category.Golf.42.遇到,77.301962
category.Golf.34.重逢,170.530754
category.Golf.28.亮剑,176.074376
category.Golf.32.仙女下凡,176.074376
category.Golf.18.侠女,176.074376
category.Golf.0.如同,176.074376
category.Golf.42.推荐,308.671649
category.Golf.31.犹如,176.074376
category.Golf.46.42,160.767407
category.Golf.40.T22,93.335589
category.Golf.28.保持,77.580628
category.Golf.37.吉拉,280.006766
category.Golf.19.明天,141.948100
category.Golf.33.智利,93.335589
category.Golf.20.相当,195.757740
category.Golf.25.第三座,93.335589
category.Golf.46.艰巨,93.335589
category.Golf.8.菲利普,93.335589
category.Golf.17.124,197.162805
category.Golf.10.此役,208.556883
category.Golf.5.过后,197.162805
category.Golf.29.1497996114,92.184048
category.Golf.32.F7sBMztzl,92.184048
category.Golf.27.com,83.574459
category.Golf.11.weibo,92.184048
category.Golf.19.东西,74.964871
category.Golf.46.丢失,83.574459
category.Golf.31.以致于,92.184048
category.Golf.43.传送门,92.184048
category.Golf.22.厚,92.184048
category.Golf.7.开玩笑,175.332143
category.Golf.7.找,159.292852
category.Golf.23.知名,158.992185
category.Golf.14.继罗相昱,92.184048
category.Golf.37.走失,87.147761
category.Golf.4.长草,184.368096
category.Golf.40.长草区,92.184048
category.Golf.22.之外,121.915973
category.Golf.44.射鹰,128.961521
category.Golf.39.百尺,128.961521
category.Golf.29.微风,404.274599
category.Golf.16.第一眼,230.608798
category.Golf.16.两岁,96.044390
category.Golf.12.前往,84.186526
category.Golf.5.去,139.079442
category.Golf.1.周三,320.532061
category.Golf.2.周二,76.579886
category.Golf.21.塔藤姆,96.044390
category.Golf.6.安排,187.675728
category.Golf.31.宝琳娜,300.781714
category.Golf.30.年初,87.074262
category.Golf.11.待产,96.044390
category.Golf.31.怀上,96.044390
category.Golf.43.抵达,329.408485
category.Golf.37.推迟,96.044390
category.Golf.11.未婚妻,96.044390
category.Golf.26.第二个,201.374560
category.Golf.42.葛瑞茨基,96.044390
category.Golf.18.行程,87.074262
category.Golf.22.赢家,90.797201
category.Golf.28.37,309.394020
category.Golf.23.63,155.639600
category.Golf.25.先,179.526141
category.Golf.23.出征,200.468126
category.Golf.21.双喜临门,126.075170
category.Golf.19.喜讯,126.075170
category.Golf.9.宝宝,119.187312
category.Golf.26.小公子,126.075170
category.Golf.46.就要,107.412440
category.Golf.31.早安,98.734765
category.Golf.45.爸爸,269.539581
category.Golf.34.赶赴,126.075170
category.Golf.51.338,157.349721
category.Golf.37.PAR4,368.902567
category.Golf.28.拥有,119.361685
category.Golf.11.最小,157.349721
category.Golf.12.极其,134.057463
category.Golf.23.策略,134.057463
category.Golf.43.航拍,157.349721
category.Golf.5.讲究,142.653942
category.Golf.29.Erin,931.381344
category.Golf.4.Hills,931.381344
category.Golf.36.业余,543.688876
category.Golf.25.力克斯,122.769203
category.Golf.5.同组,763.449574
category.Golf.35.四个,104.595851
category.Golf.51.大炮,122.769203
category.Golf.49.布鲁克斯,122.769203
category.Golf.12.潘政琮,239.218451
category.Golf.29.科普,111.303094
category.Golf.6.精彩画面,122.769203
category.Golf.37.莫利,122.769203
category.Golf.31.全世界,254.863902
category.Golf.20.前十名,113.082627
category.Golf.31.圈内,119.617694
category.Golf.48.大起大落,119.617694
category.Golf.44.夺取,119.617694
category.Golf.19.总冠军,119.617694
category.Golf.45.比利,119.617694
category.Golf.47.波动,104.849416
category.Golf.42.状态,180.759452
category.Golf.50.红火,119.617694
category.Golf.25.联邦,108.445923
category.Golf.10.自此,119.617694
category.Golf.21.闻名,119.617694
category.Golf.38.霍雪尔因,119.617694
category.Golf.43.不失,78.952455
category.Golf.49.中国足协,90.073088
category.Golf.50.作用,78.952455
category.Golf.18.名嘴,258.488642
category.Golf.15.开涮,90.073088
category.Golf.20.开起,90.073088
category.Golf.18.必然,90.073088
category.Golf.40.普及,180.146176
category.Golf.21.本色,90.073088
category.Golf.48.朱鼎耀,180.146176
category.Golf.51.李娜,90.073088
category.Golf.17.极大,78.952455
category.Golf.27.火爆,81.660654
category.Golf.35.玩笑,85.152130
category.Golf.34.网球,90.073088
category.Golf.25.若能,90.073088
category.Golf.28.董路,180.146176
category.Golf.0.起到,85.152130
category.Golf.22.靠谱些,90.073088
category.Golf.46.17,313.799728
category.Golf.9.29,210.707776
category.Golf.2.任命,135.118252
category.Golf.16.实力,177.444871
category.Golf.2.届时,118.800858
category.Golf.47.强大,187.123366
category.Golf.22.战斗,129.578026
category.Golf.19.战胜,209.903688
category.Golf.10.服输,135.118252
category.Golf.23.永不,135.118252
category.Golf.13.甚高,135.118252
category.Golf.30.精神,111.931956
category.Golf.43.获任,135.118252
category.Golf.1.认为,147.150497
category.Golf.24.评价,113.961005
category.Golf.42.辛对,135.118252
category.Golf.49.队副队,135.118252
category.Golf.11.鼓舞,135.118252
category.Golf.45.06,90.714837
category.Golf.25.2006,85.758818
category.Golf.27.NO.2,181.429674
category.Golf.25.去世,79.514972
category.Golf.35.威廉姆斯,181.429674
category.Golf.48.抱头痛哭,90.714837
category.Golf.43.更显,90.714837
category.Golf.7.父而战,90.714837
category.Golf.17.相拥,90.714837
category.Golf.7.第一场,90.714837
category.Golf.19.而泣,90.714837
category.Golf.10.艾琳,90.714837
category.Golf.9.与斯,155.079260
category.Golf.17.在线,128.902024
category.Golf.16.手感,140.595533
category.Golf.34.滕森,155.079260
category.Golf.5.充满,128.305478
category.Golf.41.地铁,87.433358
category.Golf.23.城里,184.972297
category.Golf.24.好莱坞,92.486149
category.Golf.41.小人国,92.486149
category.Golf.47.小小,87.433358
category.Golf.40.影,92.486149
category.Golf.48.新泽西州,92.486149
category.Golf.48.每个,83.848345
category.Golf.47.海洋,87.433358
category.Golf.45.王国,92.486149
category.Golf.48.纽约,105.210929
category.Golf.29.衰,83.848345
category.Golf.17.许多,70.157751
category.Golf.46.趣味,83.848345
category.Golf.2.闹鬼,92.486149
category.Golf.51.拉开,252.804070
category.Golf.39.504,127.477480
category.Golf.12.下坡,219.607721
category.Golf.34.四杆,237.019151
category.Golf.34.攻,235.922090
category.Golf.5.精准度,134.844429
category.Golf.22.鸟瞰,228.997249
category.Golf.9.一分钟,118.848944
category.Golf.24.不舍,118.848944
category.Golf.1.人为,112.355876
category.Golf.12.到来,118.848944
category.Golf.0.庆祝,402.593937
category.Golf.27.悲伤,112.355876
category.Golf.6.所有人,112.355876
category.Golf.35.第一分钟,118.848944
category.Golf.29.逝去,118.848944
category.Golf.35.难过,118.848944
category.Golf.2.135,107.386616
category.Golf.38.PAR3,107.386616
category.Golf.47.一座,97.357174
category.Golf.39.刁钻,107.386616
category.Golf.42.包围,101.519769
category.Golf.16.可怕,107.386616
category.Golf.46.最富,101.519769
category.Golf.14.最深,107.386616
category.Golf.3.特色,101.519769
category.Golf.6.狭小,107.386616
category.Golf.2.细长,107.386616
category.Golf.37.蔓延,101.519769
category.Golf.26.陷阱,107.386616
category.Golf.11.1000,80.774026
category.Golf.15.2013,68.040002
category.Golf.3.Fuhu,103.140966
category.Golf.30.出价,97.506071
category.Golf.36.创办,97.506071
category.Golf.30.制造商,167.750264
category.Golf.26.华尔街日报,103.140966
category.Golf.40.发出,90.406942
category.Golf.28.基金,231.383564
category.Golf.33.大白鲨,103.140966
category.Golf.1.对冲,97.506071
category.Golf.22.平板,171.461732
category.Golf.21.提议,103.140966
category.Golf.6.收购,79.449466
category.Golf.15.格雷格,103.140966
category.Golf.17.电脑,85.730866
category.Golf.37.破产,97.506071
category.Golf.39.竞购,97.506071
category.Golf.38.194,205.591068
category.Golf.44.317,115.872106
category.Golf.8.514,115.872106
category.Golf.36.一号,115.872106
category.Golf.18.推鸟,217.986281
category.Golf.38.木,115.872106
category.Golf.7.未进,115.872106
category.Golf.40.码外,115.872106
category.Golf.6.第二杆,301.159336
category.Golf.14.英尺,660.016305
category.Golf.35.轰出,115.872106
category.Golf.35.逐洞,541.725445
category.Golf.47.一整天,93.280575
category.Golf.11.下去,88.184382
category.Golf.1.不难,88.184382
category.Golf.24.位置,226.048863
category.Golf.38.出色,323.045253
category.Golf.19.取代,156.233312
category.Golf.26.回应,68.822901
category.Golf.6.地说,88.184382
category.Golf.29.坐,177.265367
category.Golf.47.对此,77.534900
category.Golf.48.年底,74.376190
category.Golf.30.或许,68.822901
category.Golf.32.挑战赛,194.272456
category.Golf.42.来说,233.083577
category.Golf.21.滔滔不绝,93.280575
category.Golf.34.球评,186.561150
category.Golf.11.米勒,93.280575
category.Golf.49.约翰尼,93.280575
category.Golf.41.谈吐,93.280575
category.Golf.22.谈论,93.280575
category.Golf.30.逊色,93.280575
category.Golf.15.175,114.711645
category.Golf.9.274,114.711645
category.Golf.12.451,108.444610
category.Golf.18.为平,114.711645
category.Golf.46.依然,401.718428
category.Golf.9.右后方,114.711645
category.Golf.39.未果,204.494006
category.Golf.25.留下,201.469798
category.Golf.29.码上,204.494006
category.Golf.14.顺利,177.658534
category.Golf.15.TheMasters,247.613845
category.Golf.29.人群,87.024741
category.Golf.38.信息,69.165832
category.Golf.40.克利夫,99.282373
category.Golf.19.出来,82.523600
category.Golf.13.创始人,82.523600
category.Golf.4.可靠,99.282373
category.Golf.13.夹克,247.613845
category.Golf.3.容易,82.523600
category.Golf.47.无厘头,198.564746
category.Golf.11.每年,87.024741
category.Golf.23.穿,229.409106
category.Golf.38.罗伯茨,99.282373
category.Golf.45.茫茫,99.282373
category.Golf.10.要求,72.328111
category.Golf.10.识别,90.009832
category.Golf.30.遭遇,231.175376
category.Golf.1.1993,94.660653
category.Golf.24.下雨,94.660653
category.Golf.45.威斯康星州,94.660653
category.Golf.44.意识,82.973629
category.Golf.9.无法,78.682023
category.Golf.26.晴空万里,94.660653
category.Golf.30.未获,94.660653
category.Golf.5.森,625.240047
category.Golf.14.毕业典礼,94.660653
category.Golf.19.毫无,89.489063
category.Golf.12.清晨,360.125578
category.Golf.50.确认,94.660653
category.Golf.3.米克尔,532.331622
category.Golf.51.缺席,283.594835
category.Golf.22.老米,283.594835
category.Golf.42.赶到,94.660653
category.Golf.44.迪亚兹,94.660653
category.Golf.36.迹象,82.973629
category.Golf.27.顶替,94.660653
category.Golf.43.高中,89.489063
category.Golf.12.R4xIbum,117.024027
category.Golf.20.产经新闻,117.024027
category.Golf.26.享受,106.094493
category.Golf.30.人士,83.279496
category.Golf.42.休假,117.024027
category.Golf.39.具体,97.270480
category.Golf.30.友人,110.630659
category.Golf.1.周边,106.094493
category.Golf.40.国家机密,117.024027
category.Golf.32.安倍,110.630659
category.Golf.20.安倍晋三,110.630659
category.Golf.39.对外,99.701125
category.Golf.39.就任,117.024027
category.Golf.45.并未,245.281112
category.Golf.25.日本首相,117.024027
category.Golf.37.汗,117.024027
category.Golf.38.语,117.024027
category.Golf.24.首相,106.094493
category.Golf.44.297,101.600110
category.Golf.27.497,101.600110
category.Golf.3.严重,230.328640
category.Golf.41.变回平,101.600110
category.Golf.11.推却,101.600110
category.Golf.6.推短,101.600110
category.Golf.43.摊手,279.258035
category.Golf.42.首个,82.622095
category.Golf.17.鸟变,101.600110
category.Golf.45.鸡,84.450105
category.Golf.24.294,98.836140
category.Golf.21.330,98.836140
category.Golf.9.48,89.605275
category.Golf.15.birdie,98.836140
category.Golf.36.两洞,98.836140
category.Golf.44.仅用,98.836140
category.Golf.39.左边,98.836140
category.Golf.7.推鸟入,98.836140
category.Golf.18.洞杯,98.836140
category.Golf.31.球上,98.836140
category.Golf.14.码切,98.836140
category.Golf.7.第一记,98.836140
category.Golf.40.鸟,156.704109
category.Golf.48.300,61.185799
category.Golf.0.Footgolf,85.978049
category.Golf.17.MissionHills,85.978049
category.Golf.28.World,85.978049
category.Golf.20.世界杯,580.202647
category.Golf.31.中国队,171.956098
category.Golf.3.共,63.435059
category.Golf.20.刘梦扬,287.289059
category.Golf.36.射手,85.978049
category.Golf.35.张云龙,287.289059
category.Golf.3.拉尔,85.978049
category.Golf.21.栾晨,85.978049
category.Golf.18.由前,85.978049
category.Golf.49.皮,77.948074
category.Golf.45.第二届,224.437973
category.Golf.8.纪捷,184.284937
category.Golf.27.组成,75.362999
category.Golf.28.近,57.683934
category.Golf.15.领衔,71.465034
category.Golf.23.52,388.167079
category.Golf.37.令人,63.497956
category.Golf.41.抽,158.267318
category.Golf.21.模样,158.267318
category.Golf.26.深刻,69.577177
category.Golf.19.生日快乐,237.766083
category.Golf.5.西班牙,213.309220
category.Golf.47.西蒙尼,396.398506
category.Golf.47.雪茄,251.120426
category.Golf.0.1964,84.093014
category.Golf.15.一丝,84.093014
category.Golf.45.一声,76.239093
category.Golf.18.传来,79.498765
category.Golf.7.伴随,84.093014
category.Golf.18.吹,84.093014
category.Golf.7.呱呱坠地,84.093014
category.Golf.24.啼哭,84.093014
category.Golf.28.地中海,84.093014
category.Golf.7.地方,184.948054
category.Golf.15.城市,60.531251
category.Golf.34.天堂,79.498765
category.Golf.42.天才,84.093014
category.Golf.24.天空,84.093014
category.Golf.49.太阳,73.710695
category.Golf.32.婴儿,84.093014
category.Golf.23.安赫尔,84.093014
category.Golf.34.平静,73.710695
category.Golf.10.故乡,84.093014
category.Golf.13.毕加索,67.050595
category.Golf.51.海岸,84.093014
category.Golf.20.海风,84.093014
category.Golf.16.湛蓝,84.093014
category.Golf.35.画家,71.644844
category.Golf.27.米格尔,84.093014
category.Golf.12.美丽,84.093014
category.Golf.20.诺贝尔文学奖,84.093014
category.Golf.2.赞誉,84.093014
category.Golf.39.这片,84.093014
category.Golf.24.阿莱桑德,84.093014
category.Golf.49.马拉加,168.186029
category.Golf.21.不诚实,84.569033
category.Golf.38.会费,84.569033
category.Golf.34.作弊,84.569033
category.Golf.8.候选人,84.569033
category.Golf.13.只会,79.948778
category.Golf.40.嘲笑,84.569033
category.Golf.49.回击,169.138067
category.Golf.33.塞缪尔,84.569033
category.Golf.40.广告,148.992271
category.Golf.41.拍烂,84.569033
category.Golf.46.指责,169.138067
category.Golf.12.收取,79.948778
category.Golf.19.昨日,150.648171
category.Golf.49.杰克逊,253.707100
category.Golf.8.毫无根据,84.569033
category.Golf.0.没多久,84.569033
category.Golf.49.特朗普,269.720571
category.Golf.41.过去,268.926752
category.Golf.34.1994,102.661591
category.Golf.48.不久,87.464741
category.Golf.35.回来,97.052886
category.Golf.16.大休,102.661591
category.Golf.13.将来,102.661591
category.Golf.22.应该,79.080204
category.Golf.12.惋惜,97.052886
category.Golf.13.时代,77.876595
category.Golf.32.最好,143.505714
category.Golf.31.森退赛,102.661591
category.Golf.19.破天荒,97.052886
category.Golf.9.这件,87.464741
category.Golf.37.久违,130.498587
category.Golf.14.亨德森,130.498587
category.Golf.26.佳绩,257.844928
category.Golf.32.冯珊珊仅,130.498587
category.Golf.41.加拿大,111.181065
category.Golf.28.复出,130.498587
category.Golf.33.平平,130.498587
category.Golf.1.开门红,130.498587
category.Golf.33.新科,130.498587
category.Golf.7.梅杰尔,130.498587
category.Golf.45.32,73.654729
category.Golf.31.62,289.627316
category.Golf.25.68,204.010120
category.Golf.15.75,200.297566
category.Golf.46.T32,84.029165
category.Golf.24.T75,84.029165
category.Golf.25.两柏忌,84.029165
category.Golf.22.两鸟,84.029165
category.Golf.34.五只,84.029165
category.Golf.26.会馆,84.029165
category.Golf.17.兑,79.438404
category.Golf.20.原因,148.670898
category.Golf.6.天气,158.045449
category.Golf.47.如期,79.438404
category.Golf.24.完赛,372.221668
category.Golf.41.怀斯,84.029165
category.Golf.33.航空,79.438404
category.Golf.2.阿龙,84.029165
category.Golf.26.飚,84.029165
category.Golf.13.首都,79.438404
category.Golf.15.一度,162.623279
category.Golf.6.三足鼎立,117.441416
category.Golf.8.五大,111.025245
category.Golf.15.大家庭,117.441416
category.Golf.25.局面,117.441416
category.Golf.39.年份,95.504383
category.Golf.4.形成,100.056729
category.Golf.33.时隔,111.025245
category.Golf.40.期待,256.845936
category.Golf.36.焦点,80.232726
category.Golf.23.百年之后,117.441416
category.Golf.44.能否,186.028644
category.Golf.27.重回,117.441416
category.Golf.6.02,40.255862
category.Golf.26.03,45.785038
category.Golf.15.36,210.896331
category.Golf.40.51,179.492212
category.Golf.29.E,120.767587
category.Golf.49.喽,45.785038
category.Golf.25.完整,41.261797
category.Golf.38.德文,48.430964
category.Golf.47.拉姆,45.785038
category.Golf.16.拼,48.430964
category.Golf.7.松山,48.430964
category.Golf.25.林,48.430964
category.Golf.43.格里,48.430964
category.Golf.36.洛,45.785038
category.Golf.8.英树,48.430964
category.Golf.16.邓恩,48.430964
category.Golf.23.钟,48.430964
category.Golf.33.默斯,48.430964
category.Golf.37.Foley,103.328103
category.Golf.29.Sean,103.328103
category.Golf.35.一批,97.682984
category.Golf.30.亨特,185.898236
category.Golf.20.伍兹前,103.328103
category.Golf.35.佛利,206.656206
category.Golf.1.健身,103.328103
category.Golf.41.分手,103.328103
category.Golf.46.学生,70.590901
category.Golf.11.巨星,202.585757
category.Golf.46.弟子,103.328103
category.Golf.20.很快,88.032589
category.Golf.42.忙,103.328103
category.Golf.13.授课,93.677708
category.Golf.31.新开设,103.328103
category.Golf.37.普通人,93.677708
category.Golf.17.西恩,103.328103
category.Golf.16.马汉,274.113488
category.Golf.36.46,89.968812
category.Golf.42.之差,188.057673
category.Golf.41.决心,161.891779
category.Golf.34.受易,89.968812
category.Golf.18.困境,85.053551
category.Golf.15.困扰,254.645644
category.Golf.23.埃尔斯,245.679837
category.Golf.38.必须,145.857194
category.Golf.31.才能,71.735594
category.Golf.25.握杆,89.968812
category.Golf.24.摆脱,89.968812
category.Golf.34.易普症,89.968812
category.Golf.15.普症,89.968812
category.Golf.43.比赛项目,89.968812
category.Golf.44.水准,89.968812
category.Golf.49.淘汰,531.762509
category.Golf.0.约,66.379465
category.Golf.42.调整,66.379465
category.Golf.26.哈曼,142.176348
category.Golf.40.宣告,134.408835
category.Golf.22.左手,234.481939
category.Golf.19.左撇子,142.176348
category.Golf.10.布莱恩,142.176348
category.Golf.33.榜前列,223.310444
category.Golf.27.赛会,142.176348
category.Golf.40.退赛,225.426264
category.Golf.40.不乏,165.051840
category.Golf.34.云集,86.054391
category.Golf.33.亚冠,91.027491
category.Golf.43.咖们,91.027491
category.Golf.21.国家队,91.027491
category.Golf.20.国脚,91.027491
category.Golf.7.在内,79.789025
category.Golf.9.如火如荼,86.054391
category.Golf.16.新兴,71.287454
category.Golf.45.昔日,91.027491
category.Golf.5.欧冠,91.027491
category.Golf.0.绿茵,91.027491
category.Golf.43.英超,86.054391
category.Golf.23.赛场,257.696405
category.Golf.49.踢,91.027491
category.Golf.4.身影,203.136105
category.Golf.17.队友,86.054391
category.Golf.10.马拉多纳,91.027491
category.Golf.27.高手,91.027491
category.Golf.32.卡帕,120.229280
category.Golf.18.种植园,120.229280
category.Golf.17.较量,216.664922
category.Golf.7.鲁,120.229280
category.Golf.24.个人赛,169.702939
category.Golf.31.亦,73.100682
category.Golf.27.惜败,108.956750
category.Golf.13.无缘,108.956750
category.Golf.1.栾晨排,108.956750
category.Golf.47.上福勒,106.575293
category.Golf.37.刮起,106.575293
category.Golf.40.好看,96.621625
category.Golf.31.帮鞋,213.150587
category.Golf.46.引领,100.752771
category.Golf.6.扣篮,106.575293
category.Golf.44.新潮流,106.575293
category.Golf.10.旋风,106.575293
category.Golf.48.有人,75.022912
category.Golf.31.火,93.417260
category.Golf.38.着实,106.575293
category.Golf.7.调戏,96.621625
category.Golf.18.高帮鞋,213.150587
category.Golf.48.5300,189.360742
category.Golf.42.万,54.679716
category.Golf.44.下降,67.378758
category.Golf.42.代言,94.680371
category.Golf.46.合计,89.507703
category.Golf.40.思年,94.680371
category.Golf.0.斯皮,94.680371
category.Golf.50.最新,113.478235
category.Golf.43.榜上,94.680371
category.Golf.25.界,85.837637
category.Golf.47.费,85.837637
category.Golf.43.超越,94.680371
category.Golf.27.超过,131.601558
category.Golf.49.之下,133.035082
category.Golf.8.历史性,120.610185
category.Golf.0.欲,133.035082
category.Golf.23.看出,120.610185
category.Golf.45.索尼,486.548418
category.Golf.31.领略,133.035082
category.Golf.10.风和日丽,133.035082
category.Golf.17.分晓,100.909391
category.Golf.9.半数,100.909391
category.Golf.40.字,91.484893
category.Golf.13.挺进,100.909391
category.Golf.19.红,95.396413
category.Golf.15.线上,88.450883
category.Golf.20.33,72.474042
category.Golf.33.European,237.798897
category.Golf.50.McGowan,79.940099
category.Golf.12.Ross,79.940099
category.Golf.14.The,202.046727
category.Golf.27.Tour,223.468881
category.Golf.19.七年,79.940099
category.Golf.31.压线,79.940099
category.Golf.47.惊险,72.474042
category.Golf.28.格凡,159.880197
category.Golf.39.约堡,332.353215
category.Golf.47.约翰内斯堡,79.940099
category.Golf.43.肯辛顿,75.572735
category.Golf.35.迈克,159.880197
category.Golf.36.鹰,79.940099
category.Golf.10.207,161.358074
category.Golf.37.214,86.689398
category.Golf.34.TLPGA,86.689398
category.Golf.0.东华,86.689398
category.Golf.38.中华,81.953301
category.Golf.11.仰德,86.689398
category.Golf.33.台,129.651051
category.Golf.50.台北,81.953301
category.Golf.41.女将,86.689398
category.Golf.29.完美,63.959896
category.Golf.41.巡仰,86.689398
category.Golf.27.德赛,86.689398
category.Golf.15.总杆,86.689398
category.Golf.39.新北市,86.689398
category.Golf.12.林口,86.689398
category.Golf.48.演出,86.689398
category.Golf.31.猎鹰,86.689398
category.Golf.8.职业生涯,172.557173
category.Golf.0.蔡佩颖,86.689398
category.Golf.40.复盘,142.922422
category.Golf.50.方式,298.606716
category.Golf.4.从容,108.279826
category.Golf.40.加把劲,108.279826
category.Golf.8.四人,108.279826
category.Golf.23.大比分,108.279826
category.Golf.29.心态,98.166962
category.Golf.25.感觉,92.251316
category.Golf.40.气场,108.279826
category.Golf.32.球赛,216.559652
category.Golf.10.队要,108.279826
category.Golf.29.队际赛,186.124239
category.Golf.46.首日,189.822694
category.Golf.45.一段时间,100.073105
category.Golf.26.不得不,252.204679
category.Golf.15.休养,105.856349
category.Golf.17.伤口,105.856349
category.Golf.44.割伤,211.712698
category.Golf.6.唐纳德,200.146209
category.Golf.11.小伙伴,90.186583
category.Golf.17.小拇指,105.856349
category.Golf.8.惨不忍睹,200.146209
category.Golf.50.手工,100.073105
category.Golf.9.注意安全,105.856349
category.Golf.44.血腥,105.856349
category.Golf.8.超,76.196784
category.Golf.5.锯,105.856349
category.Golf.9.锯子,105.856349
category.Golf.30.2280,117.863888
category.Golf.2.Callaway,235.727776
category.Golf.30.PRECISION,117.863888
category.Golf.16.TOUR,117.863888
category.Golf.42.一双,117.863888
category.Golf.43.价值,86.960599
category.Golf.26.元,80.521348
category.Golf.1.关注,330.694323
category.Golf.0.开奖,117.863888
category.Golf.49.抽取,111.424636
category.Golf.20.此条,111.424636
category.Golf.15.邀,111.424636
category.Golf.41.不少,119.759625
category.Golf.36.之旅,243.899439
category.Golf.23.兴奋,79.945903
category.Golf.24.好开心,88.181688
category.Golf.45.妈妈,79.945903
category.Golf.7.寂寞,88.181688
category.Golf.28.小伙子,88.181688
category.Golf.21.海豚,264.545064
category.Golf.17.溢于言表,88.181688
category.Golf.28.珍视,88.181688
category.Golf.3.经历,142.022082
category.Golf.13.结识,83.364062
category.Golf.44.难得,75.128277
category.Golf.16.一套,79.500203
category.Golf.7.一应俱全,88.215252
category.Golf.27.主人,88.215252
category.Golf.33.价格,58.852215
category.Golf.6.优惠,84.598180
category.Golf.6.低价,159.000407
category.Golf.29.在于,77.562042
category.Golf.18.壁画,93.313229
category.Golf.26.房子,73.077512
category.Golf.40.老家,93.313229
category.Golf.2.设施,88.215252
category.Golf.18.豪宅,253.794540
category.Golf.39.购入,84.598180
category.Golf.22.购置,93.313229
category.Golf.10.车库,93.313229
category.Golf.51.达拉斯,93.313229
category.Golf.45.这套,163.585122
category.Golf.44.112,104.210949
category.Golf.37.不再,83.091398
category.Golf.28.大牌,189.863543
category.Golf.3.威士伯,104.210949
category.Golf.14.拒绝,94.478101
category.Golf.31.撞期,104.210949
category.Golf.36.明确,91.344824
category.Golf.17.测试,254.235757
category.Golf.46.行,86.620238
category.Golf.48.赛难,104.210949
category.Golf.33.迈过,104.210949
category.Golf.17.遥远,186.117054
category.Golf.33.重返,104.210949
category.Golf.37.间隔,104.210949
category.Golf.23.下届,88.600569
category.Golf.1.乐视,75.485152
category.Golf.45.从中,88.600569
category.Golf.10.包容,83.760059
category.Golf.11.博弈,88.600569
category.Golf.43.友谊,83.760059
category.Golf.14.呈现,64.546320
category.Golf.27.团结合作,88.600569
category.Golf.2.圆满结束,88.600569
category.Golf.1.学习,69.386830
category.Golf.50.差距,77.661737
category.Golf.23.必胜,88.600569
category.Golf.44.忍耐,88.600569
category.Golf.13.智慧,77.661737
category.Golf.38.经验,77.661737
category.Golf.49.Haydn,95.839888
category.Golf.43.Porteous,95.839888
category.Golf.28.伦巴,95.839888
category.Golf.47.安东尼,90.603872
category.Golf.27.巡首冠,95.839888
category.Golf.25.最高,122.857258
category.Golf.50.桑德尔,95.839888
category.Golf.16.沃尔,95.839888
category.Golf.15.波蒂厄斯,95.839888
category.Golf.14.波蒂厄斯欧,95.839888
category.Golf.40.海顿,95.839888
category.Golf.1.第三名,95.839888
category.Golf.7.18.5,70.553355
category.Golf.51.2.5,61.842674
category.Golf.18.5.5,63.963979
category.Golf.23.9.5,70.553355
category.Golf.18.三天,70.553355
category.Golf.5.展现出,66.698817
category.Golf.0.差,63.963979
category.Golf.6.总比分,70.553355
category.Golf.39.惜败于,70.553355
category.Golf.20.惨败,70.553355
category.Golf.35.杜比,70.553355
category.Golf.21.松,133.206335
category.Golf.47.横扫,133.397634
category.Golf.2.精读,70.553355
category.Golf.7.维克多,70.553355
category.Golf.47.Rb8etMj,121.461392
category.Golf.33.人前,121.461392
category.Golf.51.以下,93.561687
category.Golf.11.十条,121.461392
category.Golf.40.吹嘘,121.461392
category.Golf.48.懂,100.958822
category.Golf.36.极,114.825598
category.Golf.45.标榜,121.461392
category.Golf.3.误读,110.117428
category.Golf.43.说实话,106.465487
category.Golf.10.遵守,121.461392
category.Golf.33.遵守规则,121.461392
category.Golf.42.全部,141.734039
category.Golf.26.具秀,112.218925
category.Golf.22.凯业,112.218925
category.Golf.29.加州,245.186994
category.Golf.26.包,106.088074
category.Golf.30.巡凯业,112.218925
category.Golf.46.必达,224.437849
category.Golf.30.正酣,106.088074
category.Golf.17.激战,112.218925
category.Golf.18.瞅,203.476332
category.Golf.5.装,101.738166
category.Golf.35.赛球,112.218925
category.Golf.33.27,76.670514
category.Golf.36.与斯皮思,243.599127
category.Golf.50.名次,103.917003
category.Golf.34.德尚博,103.917003
category.Golf.41.沙利文,103.917003
category.Golf.40.贾弟,103.917003
category.Golf.30.通差,103.917003
category.Golf.12.五洞,124.718874
category.Golf.37.即时,113.070674
category.Golf.47.大雾,117.905114
category.Golf.16.延迟,117.905114
category.Golf.38.正为,207.237911
category.Golf.20.补赛,381.590924
category.Golf.51.记分,216.098556
category.Golf.38.记分卡,124.718874
category.Golf.34.这组,124.718874
category.Golf.34.一直,192.407307
category.Golf.19.不确定性,71.363662
category.Golf.5.保险,385.099873
category.Golf.36.农夫,497.395035
category.Golf.38.几天,195.478094
category.Golf.10.卧床不起,81.415396
category.Golf.20.回溯到,81.415396
category.Golf.24.因伤,81.415396
category.Golf.38.多利,161.412058
category.Golf.10.巴克莱,73.811552
category.Golf.45.当时,64.915626
category.Golf.48.悬,81.415396
category.Golf.18.感冒,81.415396
category.Golf.9.病,239.136514
category.Golf.9.症状,81.415396
category.Golf.24.赛要,81.415396
category.Golf.2.配对,162.830791
category.Golf.24.80,64.370261
category.Golf.22.中东,213.371433
category.Golf.26.乌修仁,241.046884
category.Golf.13.二部曲,75.554485
category.Golf.43.卡塔尔,317.850778
category.Golf.16.双双,139.212451
category.Golf.31.巴尔,75.554485
category.Golf.12.布罗,75.554485
category.Golf.2.手帕,75.554485
category.Golf.46.扎,71.426721
category.Golf.31.拉拉,75.554485
category.Golf.51.系列赛,75.554485
category.Golf.35.路易,75.554485
category.Golf.15.Kim,83.724286
category.Golf.6.Si,83.724286
category.Golf.5.Woo,83.724286
category.Golf.15.两极,83.724286
category.Golf.44.争议,79.150182
category.Golf.20.冉冉升起,83.724286
category.Golf.25.口诛笔伐,83.724286
category.Golf.50.堪,83.724286
category.Golf.25.引发,120.531672
category.Golf.40.揭秘,75.904803
category.Golf.17.沅,251.172859
category.Golf.22.瞄准,75.904803
category.Golf.29.究竟,68.085319
category.Golf.17.轮美,83.724286
category.Golf.51.连取,83.724286
category.Golf.29.金时,251.172859
category.Golf.34.韩流,83.724286
category.Golf.15.饱受,83.724286
category.Golf.32.主持人,91.564861
category.Golf.0.互动,95.479800
category.Golf.3.具,95.479800
category.Golf.46.博会,100.997597
category.Golf.28.博览,100.997597
category.Golf.11.博览会,100.997597
category.Golf.28.厂商,86.047065
category.Golf.41.各大球,100.997597
category.Golf.35.奥兰多,201.995193
category.Golf.20.奥尼尔,100.997597
category.Golf.42.开幕,73.577667
category.Golf.38.新品,79.095463
category.Golf.9.汤普森,100.997597
category.Golf.39.沃森,100.997597
category.Golf.32.热情,100.997597
category.Golf.48.节目,86.047065
category.Golf.15.莱克,100.997597
category.Golf.10.西,95.479800
category.Golf.49.观众们,100.997597
category.Golf.43.265,92.555233
category.Golf.51.T52,92.555233
category.Golf.2.平,92.555233
category.Golf.0.手金诚,92.555233
category.Golf.41.沙漠,320.176571
category.Golf.49.赛金诚,92.555233
category.Golf.49.K,104.902773
category.Golf.4.受邀,110.965125
category.Golf.26.大肆,110.965125
category.Golf.32.妥当,110.965125
category.Golf.5.帕尔默,110.965125
category.Golf.24.操办,110.965125
category.Golf.50.每日,110.965125
category.Golf.7.电,100.601466
category.Golf.30.这座,110.965125
category.Golf.14.邮报,110.965125
category.Golf.26.阿诺,110.965125
category.Golf.32.Song,98.131344
category.Golf.21.Younghan,98.131344
category.Golf.26.发挥,239.499743
category.Golf.48.圣淘沙,186.385608
category.Golf.32.宋永汉,98.131344
category.Golf.15.收杆,98.131344
category.Golf.9.色拉,186.385608
category.Golf.46.蓬,186.385608
category.Golf.2.跃升,98.131344
category.Golf.1.轮斯皮思,98.131344
category.Golf.1.领先地位,98.131344
category.Golf.18.黑马,92.770139
category.Golf.18.T9,99.025526
category.Golf.41.冲上,99.025526
category.Golf.12.刘晏玮,189.041618
category.Golf.32.文义,99.025526
category.Golf.18.暂时,86.799604
category.Golf.19.黄,93.615469
category.Golf.34.138,71.703081
category.Golf.45.Charley,71.703081
category.Golf.31.Haru,71.703081
category.Golf.28.Hull,71.703081
category.Golf.23.Khang,71.703081
category.Golf.37.Megan,71.703081
category.Golf.47.Nomura,71.703081
category.Golf.0.上来,71.703081
category.Golf.29.处于,58.309570
category.Golf.0.巴哈马,215.109243
category.Golf.50.康,67.785730
category.Golf.8.敏京,215.109243
category.Golf.22.星期五,159.131675
category.Golf.37.查莉,143.406162
category.Golf.14.梅甘,71.703081
category.Golf.31.菜鸟,71.703081
category.Golf.0.赫尔,143.406162
category.Golf.25.野村,188.551356
category.Golf.49.个柏忌,96.624845
category.Golf.7.伴侣,91.345944
category.Golf.42.低杆,96.624845
category.Golf.22.兰德,96.624845
category.Golf.17.崔京周,96.624845
category.Golf.16.松北,96.624845
category.Golf.3.瑞奇,96.624845
category.Golf.32.第四,84.695317
category.Golf.51.赛伍,96.624845
category.Golf.18.预计,61.367738
category.Golf.9.暂,279.477408
category.Golf.34.伍尔,153.759766
category.Golf.45.出众,153.759766
category.Golf.7.同姓,153.759766
category.Golf.0.妩媚,153.759766
category.Golf.30.宝贝,153.759766
category.Golf.15.平衡感,153.759766
category.Golf.51.性感,153.759766
category.Golf.16.芙,153.759766
category.Golf.19.高跟鞋,153.759766
category.Golf.1.主动,136.459986
category.Golf.10.估计,150.014486
category.Golf.16.几场,171.144368
category.Golf.0.可爱,142.255357
category.Golf.1.找到,155.160229
category.Golf.14.求自,171.144368
category.Golf.40.81,96.277344
category.Golf.9.偷懒,91.017429
category.Golf.4.怀疑,87.285460
category.Golf.12.恶劣,96.277344
category.Golf.12.瑞德,288.832033
category.Golf.45.疾病,96.277344
category.Golf.6.脚踝,96.277344
category.Golf.8.随即,96.277344
category.Golf.12.376,103.163120
category.Golf.18.56,103.163120
category.Golf.23.不可思议,103.163120
category.Golf.24.人们,85.749281
category.Golf.20.十分钟,103.163120
category.Golf.34.国外,80.791376
category.Golf.11.尝试,87.892029
category.Golf.49.想象,97.527015
category.Golf.22.有没有,90.426362
category.Golf.0.步行,103.163120
category.Golf.16.残酷,103.163120
category.Golf.33.耗时,97.527015
category.Golf.28.英里,97.527015
category.Golf.26.铁,97.527015
category.Golf.22.马拉松,195.054030
category.Golf.28.1990,87.599456
category.Golf.46.Championship,92.661846
category.Golf.28.Club,92.661846
category.Golf.11.Colombia,92.661846
category.Golf.47.之星,92.661846
category.Golf.6.二十六,92.661846
category.Golf.24.创立,84.007633
category.Golf.9.华人,81.221599
category.Golf.35.南美,92.661846
category.Golf.4.周年,162.443198
category.Golf.13.哥伦比亚,92.661846
category.Golf.23.年威,92.661846
category.Golf.25.庆,92.661846
category.Golf.47.拉开战幕,92.661846
category.Golf.42.新春,92.661846
category.Golf.23.春节,169.700052
category.Golf.8.次级,92.661846
category.Golf.1.波哥大,92.661846
category.Golf.30.猴,92.661846
category.Golf.32.身本,92.661846
category.Golf.29.霍根,92.661846
category.Golf.31.05,103.868061
category.Golf.42.45,98.193442
category.Golf.37.归属,103.865748
category.Golf.28.早晨,80.007765
category.Golf.28.第十,103.865748
category.Golf.38.携,154.977202
category.Golf.5.杜鹃,163.933365
category.Golf.38.目的地,148.622703
category.Golf.14.飞机,376.025113
category.Golf.42.飞行,154.977202
category.Golf.6.️,308.732763
category.Golf.37.失手,103.862226
category.Golf.0.奉上,103.862226
category.Golf.40.好球,109.864444
category.Golf.33.救球,109.864444
category.Golf.0.稳定,99.603584
category.Golf.36.陷入困境,109.864444
category.Golf.40.频现,109.864444
category.Golf.50.频频,109.864444
category.Golf.30.一部分,104.063992
category.Golf.28.加利福尼亚州,114.784350
category.Golf.50.奔美巡,114.784350
category.Golf.32.横穿,114.784350
category.Golf.20.毕业生,104.063992
category.Golf.33.立即,104.063992
category.Golf.19.纳帕,114.784350
category.Golf.46.绝大多数,114.784350
category.Golf.25.联盟,114.784350
category.Golf.44.三柏忌,113.089268
category.Golf.38.休斯敦,186.315642
category.Golf.47.伤心,226.178537
category.Golf.47.小球,113.089268
category.Golf.30.推才,113.089268
category.Golf.24.洞中,113.089268
category.Golf.6.简单,80.479347
category.Golf.1.送入,113.089268
category.Golf.8.T18,75.534882
category.Golf.17.T29,75.534882
category.Golf.31.不够,62.784664
category.Golf.13.交,75.534882
category.Golf.50.制造,68.480253
category.Golf.30.卡拉,64.353560
category.Golf.47.危险,66.209170
category.Golf.17.头条,66.209170
category.Golf.11.奥,71.408189
category.Golf.42.封悦,75.534882
category.Golf.19.开年,71.408189
category.Golf.41.开战,166.834337
category.Golf.17.张哈娜,308.429512
category.Golf.35.最为,66.209170
category.Golf.34.林希妤,151.069764
category.Golf.21.理想,71.408189
category.Golf.51.科茨,151.069764
category.Golf.37.金色,71.408189
category.Golf.46.马术,71.408189
category.Golf.4.William,100.940844
category.Golf.3.仰光,100.940844
category.Golf.5.牙病,100.940844
category.Golf.25.缅甸,183.026818
category.Golf.8.老牌,100.940844
category.Golf.44.专业,326.484516
category.Golf.14.中高协,192.947413
category.Golf.13.做出,78.453259
category.Golf.36.分类,96.473706
category.Golf.10.协会,84.562838
category.Golf.32.变更,91.203063
category.Golf.6.实行,174.926965
category.Golf.49.教练员,96.473706
category.Golf.16.注册,78.453259
category.Golf.49.登记,87.463483
category.Golf.49.管理,230.766590
category.Golf.14.规定,174.926965
category.Golf.20.规范,91.203063
category.Golf.34.午休,143.452623
category.Golf.9.打水漂,151.742779
category.Golf.3.洞大秀,151.742779
category.Golf.14.绝技,151.742779
category.Golf.49.跪,275.141329
category.Golf.21.上次,78.435995
category.Golf.34.变成,75.834739
category.Golf.13.太难,86.516234
category.Golf.43.志在,86.516234
category.Golf.51.想过,86.516234
category.Golf.34.惴惴不安,86.516234
category.Golf.43.挣扎,86.516234
category.Golf.27.还要,75.834739
category.Golf.16.追回,86.516234
category.Golf.41.追溯到,86.516234
category.Golf.33.遭到,78.435995
category.Golf.14.险些,163.579195
category.Golf.51.Augusta,103.365397
category.Golf.34.Course,103.365397
category.Golf.37.Golf,103.365397
category.Golf.44.一举一动,103.365397
category.Golf.7.丰富,74.403764
category.Golf.19.前方,88.064363
category.Golf.47.助威,103.365397
category.Golf.4.双星,103.365397
category.Golf.37.团,103.365397
category.Golf.31.图文,90.603665
category.Golf.14.平安,103.365397
category.Golf.12.接下来,88.064363
category.Golf.37.新鲜,97.718241
category.Golf.26.林钰鑫,103.365397
category.Golf.11.用户,84.057642
category.Golf.3.长途飞行,103.365397
category.Golf.3.MVP,83.518673
category.Golf.3.借口,78.955802
category.Golf.35.借机,83.518673
category.Golf.15.勇士队,83.518673
category.Golf.26.单场,78.955802
category.Golf.29.可不是,75.718393
category.Golf.14.吓住,83.518673
category.Golf.29.听说,69.420798
category.Golf.48.实情,83.518673
category.Golf.3.库里,250.556019
category.Golf.30.接见,83.518673
category.Golf.27.斯蒂芬,167.037346
category.Golf.29.特勤,83.518673
category.Golf.29.白宫,73.207264
category.Golf.49.砍,83.518673
category.Golf.5.约束,83.518673
category.Golf.49.调侃,157.911603
category.Golf.25.输球,83.518673
category.Golf.34.造访,83.518673
category.Golf.20.金州,83.518673
category.Golf.45.Major,200.222629
category.Golf.49.回归,170.583955
category.Golf.10.快点,200.222629
category.Golf.25.梦想,189.283876
category.Golf.24.四月,153.755561
category.Golf.10.环球旅行,162.641125
category.Golf.40.美梦,162.641125
category.Golf.35.重现,142.561074
category.Golf.21.二月份,83.993591
category.Golf.19.互换,83.993591
category.Golf.44.伊恩,83.993591
category.Golf.13.博文,83.993591
category.Golf.21.肖,79.404774
category.Golf.13.Hahn,94.039250
category.Golf.50.James,94.039250
category.Golf.39.凤凰,128.490029
category.Golf.51.城赛,94.039250
category.Golf.31.李真明,94.039250
category.Golf.29.群雄,159.901338
category.Golf.41.詹姆士,94.039250
category.Golf.20.追赶,88.901609
category.Golf.32.韩裔,94.039250
category.Golf.32.2012,65.648575
category.Golf.15.23,59.265550
category.Golf.13.38,74.644943
category.Golf.20.Bello,82.334640
category.Golf.14.Cabrera,82.334640
category.Golf.35.Rafa,82.334640
category.Golf.50.三场,72.169414
category.Golf.19.布雷拉,82.334640
category.Golf.46.拉法,82.334640
category.Golf.12.西班牙人,82.334640
category.Golf.0.贝罗,82.334640
category.Golf.23.过山车,77.836456
category.Golf.28.退居,82.334640
category.Golf.14.闯关,74.644943
category.Golf.8.险,82.334640
category.Golf.17.Hefner,106.767263
category.Golf.13.Jocelyn,106.767263
category.Golf.21.一本,96.795666
category.Golf.19.之间,83.613931
category.Golf.38.保罗,106.767263
category.Golf.15.出版,106.767263
category.Golf.17.前妻,106.767263
category.Golf.29.卡西,106.767263
category.Golf.0.周游,106.767263
category.Golf.49.啥样,96.795666
category.Golf.16.情史,106.767263
category.Golf.17.新书,106.767263
category.Golf.24.有句,106.767263
category.Golf.34.禁忌,106.767263
category.Golf.10.老话,106.767263
category.Golf.36.贵妇,106.767263
category.Golf.34.贾瑟琳,106.767263
category.Golf.6.赫夫纳,106.767263
category.Golf.48.不小,118.510662
category.Golf.46.引起,106.802639
category.Golf.39.抢镜,125.359416
category.Golf.29.挥剑,125.359416
category.Golf.16.武士,125.359416
category.Golf.8.源自,113.651393
category.Golf.6.绝非,125.359416
category.Golf.17.蔚为壮观,125.359416
category.Golf.17.表演,118.510662
category.Golf.17.这种,90.235347
